Date,Sex,Location,Industry division of main job,Employed full-time ('000),Employed part-time ('000)
Feb-2002,Males,NSW,Mining,1.39163482,0
Feb-2002,Males,NSW,Mining,13.43917492,0
Feb-2002,Males,VIC,Mining,1.19888092,0.35408597
Feb-2002,Males,VIC,Mining,2.77636417,0
Feb-2002,Males,QLD,Mining,3.02951629,0.26645255
Feb-2002,Males,QLD,Mining,13.44190256,0
Feb-2002,Males,SA,Mining,2.25548114,0.16985069
Feb-2002,Males,SA,Mining,0.75157245,0
Feb-2002,Males,WA,Mining,15.92291843,0.18229721
Feb-2002,Males,WA,Mining,14.64294949,0.19786015
Feb-2002,Males,TAS,Mining,1.64060058,0.18069099
Feb-2002,Males,NT,Mining,1.41601854,0.14460338
Feb-2002,Males,NT,Mining,0.09535705,0
Feb-2002,Females,NSW,Mining,0.3223432,0
Feb-2002,Females,NSW,Mining,0.35777097,0.36781134
Feb-2002,Females,VIC,Mining,0.53095302,0.27043536
Feb-2002,Females,QLD,Mining,0.31313439,0.24789735
Feb-2002,Females,QLD,Mining,1.00145697,0
Feb-2002,Females,SA,Mining,0.3313664,0
Feb-2002,Females,SA,Mining,0,0.14329336
Feb-2002,Females,WA,Mining,2.44619423,0.83931465
Feb-2002,Females,WA,Mining,2.27029972,0.20057831
Feb-2002,Females,NT,Mining,0.31760634,0
May-2002,Males,NSW,Mining,1.76531093,0
May-2002,Males,NSW,Mining,11.67211304,0.32953584
May-2002,Males,VIC,Mining,2.64779519,0.25759352
May-2002,Males,VIC,Mining,1.42236295,0
May-2002,Males,QLD,Mining,2.98199178,0
May-2002,Males,QLD,Mining,14.20527855,0
May-2002,Males,SA,Mining,2.43313929,0
May-2002,Males,SA,Mining,0.42145219,0.16853871
May-2002,Males,WA,Mining,16.55202309,0
May-2002,Males,WA,Mining,13.68521257,0
May-2002,Males,TAS,Mining,1.53567489,0.18043016
May-2002,Males,NT,Mining,1.24333496,0
May-2002,Females,NSW,Mining,1.00428397,0.33312849
May-2002,Females,VIC,Mining,0.27151432,0.26740376
May-2002,Females,QLD,Mining,0.2034171,0
May-2002,Females,QLD,Mining,1.28392617,0
May-2002,Females,SA,Mining,0.48943434,0
May-2002,Females,WA,Mining,3.34773977,0.52295954
May-2002,Females,WA,Mining,3.14095221,0
May-2002,Females,NT,Mining,0.55274639,0
Aug-2002,Males,NSW,Mining,1.82618018,0
Aug-2002,Males,NSW,Mining,11.63953511,0
Aug-2002,Males,VIC,Mining,4.0834037,0
Aug-2002,Males,VIC,Mining,1.99032188,0
Aug-2002,Males,QLD,Mining,2.08497795,0
Aug-2002,Males,QLD,Mining,13.57305823,0
Aug-2002,Males,SA,Mining,3.07854831,0
Aug-2002,Males,SA,Mining,0.51678847,0.17682261
Aug-2002,Males,WA,Mining,17.07151774,0
Aug-2002,Males,WA,Mining,10.68596616,0.16147055
Aug-2002,Males,TAS,Mining,0.18361323,0
Aug-2002,Males,TAS,Mining,1.4103321,0
Aug-2002,Males,NT,Mining,1.75771714,0
Aug-2002,Females,NSW,Mining,0.6387399,0
Aug-2002,Females,NSW,Mining,0.68060895,0
Aug-2002,Females,VIC,Mining,0,0.25529048
Aug-2002,Females,QLD,Mining,0.23556378,0
Aug-2002,Females,QLD,Mining,0.99437073,0.23127307
Aug-2002,Females,WA,Mining,3.26945608,0.17524231
Aug-2002,Females,WA,Mining,2.36848023,0
Aug-2002,Females,TAS,Mining,0.16364039,0.0848217
Aug-2002,Females,NT,Mining,0.32281734,0
Nov-2002,Males,NSW,Mining,3.16333556,0
Nov-2002,Males,NSW,Mining,11.82904437,0.57393651
Nov-2002,Males,VIC,Mining,3.95245368,0
Nov-2002,Males,VIC,Mining,3.70257073,0
Nov-2002,Males,QLD,Mining,2.77586969,0.2322937
Nov-2002,Males,QLD,Mining,17.45089129,0
Nov-2002,Males,SA,Mining,2.7415224,0
Nov-2002,Males,SA,Mining,0.36996503,0
Nov-2002,Males,WA,Mining,18.26858258,0.16989856
Nov-2002,Males,WA,Mining,10.66747941,0
Nov-2002,Males,TAS,Mining,0.3092108,0
Nov-2002,Males,TAS,Mining,1.68690876,0.08023553
Nov-2002,Males,NT,Mining,2.47841634,0
Nov-2002,Females,NSW,Mining,0.33411222,0
Nov-2002,Females,VIC,Mining,0.36440184,0.28435689
Nov-2002,Females,QLD,Mining,0.49148787,0
Nov-2002,Females,QLD,Mining,1.52308211,0
Nov-2002,Females,SA,Mining,0,0.18314782
Nov-2002,Females,WA,Mining,2.32094363,1.09363702
Nov-2002,Females,WA,Mining,1.67885732,0.40078923
Nov-2002,Females,TAS,Mining,0.09974774,0
Nov-2002,Females,NT,Mining,0.18162698,0.16282135
Feb-2003,Males,NSW,Mining,3.95829964,0.34568116
Feb-2003,Males,NSW,Mining,16.67087707,0.74779976
Feb-2003,Males,VIC,Mining,3.6730687,0.24602698
Feb-2003,Males,VIC,Mining,3.3993642,0
Feb-2003,Males,QLD,Mining,3.99005423,0
Feb-2003,Males,QLD,Mining,11.350361,0
Feb-2003,Males,SA,Mining,2.15845951,0
Feb-2003,Males,SA,Mining,4.88681147,0
Feb-2003,Males,WA,Mining,17.69628945,0.37610409
Feb-2003,Males,WA,Mining,11.61283203,0.1582742
Feb-2003,Males,TAS,Mining,0.17740899,0
Feb-2003,Males,TAS,Mining,1.62247269,0.06551557
Feb-2003,Males,NT,Mining,2.21015761,0
Feb-2003,Females,NSW,Mining,0.35098854,0
Feb-2003,Females,NSW,Mining,0,0.42977097
Feb-2003,Females,VIC,Mining,0.66345404,0.87793608
Feb-2003,Females,QLD,Mining,0.80779627,0
Feb-2003,Females,SA,Mining,0,0.13727241
Feb-2003,Females,SA,Mining,0.1219023,0
Feb-2003,Females,WA,Mining,3.47574792,0.56868693
Feb-2003,Females,WA,Mining,0.85583809,0.16808751
Feb-2003,Females,TAS,Mining,0.16934204,0
Feb-2003,Females,NT,Mining,0.37218344,0
May-2003,Males,NSW,Mining,2.62529003,0
May-2003,Males,NSW,Mining,11.40971198,0.8003959
May-2003,Males,VIC,Mining,3.15481289,0.66378879
May-2003,Males,VIC,Mining,3.42410172,0
May-2003,Males,QLD,Mining,2.12841868,0
May-2003,Males,QLD,Mining,12.60039336,0.53401099
May-2003,Males,SA,Mining,1.96640951,0
May-2003,Males,SA,Mining,4.24746167,0
May-2003,Males,WA,Mining,15.82985554,0.1767026
May-2003,Males,WA,Mining,12.82620832,0
May-2003,Males,TAS,Mining,0.09443033,0
May-2003,Males,TAS,Mining,1.43727864,0.11150576
May-2003,Males,NT,Mining,1.79551049,0
May-2003,Males,NT,Mining,0.18315786,0
May-2003,Females,NSW,Mining,0.36073567,0
May-2003,Females,VIC,Mining,0.57109684,0.24157929
May-2003,Females,VIC,Mining,0.29329495,0
May-2003,Females,QLD,Mining,0.80595165,0
May-2003,Females,QLD,Mining,1.5978021,0.28589264
May-2003,Females,SA,Mining,0.15333766,0.13087235
May-2003,Females,SA,Mining,0.28509826,0.17219518
May-2003,Females,WA,Mining,4.77199836,0.35770667
May-2003,Females,WA,Mining,1.22583135,0
May-2003,Females,NT,Mining,0.31185462,0
Aug-2003,Males,NSW,Mining,1.20625305,0
Aug-2003,Males,NSW,Mining,13.52492389,0.32906831
Aug-2003,Males,VIC,Mining,2.18921699,0.2652627
Aug-2003,Males,VIC,Mining,2.09300939,0.28000971
Aug-2003,Males,QLD,Mining,3.18104366,0
Aug-2003,Males,QLD,Mining,14.07087444,0.29246643
Aug-2003,Males,SA,Mining,1.82408974,0
Aug-2003,Males,SA,Mining,3.83630393,0
Aug-2003,Males,WA,Mining,13.85227524,0.57020161
Aug-2003,Males,WA,Mining,10.37703189,0
Aug-2003,Males,TAS,Mining,0.18830664,0
Aug-2003,Males,TAS,Mining,1.47897086,0
Aug-2003,Males,NT,Mining,1.57444867,0
Aug-2003,Females,NSW,Mining,0,0.82864693
Aug-2003,Females,VIC,Mining,0.57090605,0
Aug-2003,Females,VIC,Mining,0.61165237,0
Aug-2003,Females,QLD,Mining,0.50455585,0
Aug-2003,Females,QLD,Mining,0.54615348,0
Aug-2003,Females,SA,Mining,0.15941398,0
Aug-2003,Females,SA,Mining,0.47725852,0
Aug-2003,Females,WA,Mining,4.00789379,0.51597763
Aug-2003,Females,WA,Mining,0.75508511,0
Aug-2003,Females,TAS,Mining,0.07849928,0.09494362
Aug-2003,Females,NT,Mining,0.08792927,0
Nov-2003,Males,NSW,Mining,2.15979888,0.39703469
Nov-2003,Males,NSW,Mining,13.61249522,0
Nov-2003,Males,VIC,Mining,2.16113208,0.26846313
Nov-2003,Males,VIC,Mining,2.24708293,0
Nov-2003,Males,QLD,Mining,1.86904232,0.26917646
Nov-2003,Males,QLD,Mining,17.27143278,0.27200467
Nov-2003,Males,SA,Mining,2.47808635,0
Nov-2003,Males,SA,Mining,4.06542705,0
Nov-2003,Males,WA,Mining,16.90689547,0.53653333
Nov-2003,Males,WA,Mining,11.76702738,0
Nov-2003,Males,TAS,Mining,0.1756304,0
Nov-2003,Males,TAS,Mining,1.6768729,0
Nov-2003,Males,NT,Mining,2.05833261,0
Nov-2003,Males,NT,Mining,0.10200554,0
Nov-2003,Females,NSW,Mining,0.70152914,0.38980748
Nov-2003,Females,VIC,Mining,0.27111257,0
Nov-2003,Females,VIC,Mining,0.36044822,0.33744561
Nov-2003,Females,QLD,Mining,0,0.27933073
Nov-2003,Females,QLD,Mining,1.28141807,0
Nov-2003,Females,SA,Mining,0.4747748,0
Nov-2003,Females,SA,Mining,0.81960539,0
Nov-2003,Females,WA,Mining,5.12793025,0.30838505
Nov-2003,Females,WA,Mining,1.1013414,0.19255647
Nov-2003,Females,TAS,Mining,0.19145019,0.09620593
Nov-2003,Females,NT,Mining,0.09883606,0.09830674
Feb-2004,Males,NSW,Mining,2.40994596,0.29635388
Feb-2004,Males,NSW,Mining,15.40941952,1.56152436
Feb-2004,Males,VIC,Mining,2.47391387,0
Feb-2004,Males,VIC,Mining,3.89998643,0.19575278
Feb-2004,Males,QLD,Mining,2.94931218,0
Feb-2004,Males,QLD,Mining,17.98680004,0.31565848
Feb-2004,Males,SA,Mining,1.64095039,0
Feb-2004,Males,SA,Mining,3.66957035,0
Feb-2004,Males,WA,Mining,18.70589045,0.7439196
Feb-2004,Males,WA,Mining,14.94818819,0.21178946
Feb-2004,Males,TAS,Mining,0.17319788,0
Feb-2004,Males,TAS,Mining,1.31182801,0
Feb-2004,Males,NT,Mining,1.61042999,0.12468991
Feb-2004,Females,NSW,Mining,1.11167752,0.3877983
Feb-2004,Females,VIC,Mining,0.32584528,0.28194304
Feb-2004,Females,QLD,Mining,0.57721402,0
Feb-2004,Females,QLD,Mining,0.26585197,0.27074621
Feb-2004,Females,SA,Mining,0.53867994,0
Feb-2004,Females,SA,Mining,0.79228532,0
Feb-2004,Females,WA,Mining,3.83389745,1.00632971
Feb-2004,Females,WA,Mining,1.61592167,0
Feb-2004,Females,TAS,Mining,0.21812291,0.09506075
Feb-2004,Females,NT,Mining,0.13540533,0
May-2004,Males,NSW,Mining,2.60002078,0
May-2004,Males,NSW,Mining,11.94249434,0.75437776
May-2004,Males,VIC,Mining,3.59204944,0
May-2004,Males,VIC,Mining,3.78953661,0
May-2004,Males,QLD,Mining,4.68512114,0
May-2004,Males,QLD,Mining,17.97581547,0
May-2004,Males,SA,Mining,0.98282672,0
May-2004,Males,SA,Mining,2.66168147,0.18667607
May-2004,Males,WA,Mining,22.6859432,0.17557849
May-2004,Males,WA,Mining,14.52624502,0.17055373
May-2004,Males,TAS,Mining,0.35627242,0
May-2004,Males,TAS,Mining,2.05905407,0
May-2004,Males,NT,Mining,1.97419536,0
May-2004,Females,NSW,Mining,0.90355771,0.32809433
May-2004,Females,VIC,Mining,0.95119228,0
May-2004,Females,QLD,Mining,0.97564234,0.29010096
May-2004,Females,QLD,Mining,0.52286365,0.25744963
May-2004,Females,SA,Mining,0.17711705,0
May-2004,Females,SA,Mining,0.14200857,0
May-2004,Females,WA,Mining,5.47186384,0.83270976
May-2004,Females,WA,Mining,2.05547336,0.16310338
May-2004,Females,NT,Mining,0.3265058,0
Aug-2004,Males,NSW,Mining,3.08330811,0
Aug-2004,Males,NSW,Mining,14.41146466,0.73583005
Aug-2004,Males,VIC,Mining,1.56146687,0
Aug-2004,Males,VIC,Mining,3.13160838,0
Aug-2004,Males,QLD,Mining,3.97477792,0.27783231
Aug-2004,Males,QLD,Mining,15.99147825,0
Aug-2004,Males,SA,Mining,1.92078212,0
Aug-2004,Males,SA,Mining,3.44534834,0
Aug-2004,Males,WA,Mining,18.52693484,0.15861345
Aug-2004,Males,WA,Mining,9.93817953,0.36616626
Aug-2004,Males,TAS,Mining,0.26827013,0.12432096
Aug-2004,Males,TAS,Mining,1.55014278,0
Aug-2004,Males,NT,Mining,2.23884677,0
Aug-2004,Females,NSW,Mining,0.35639865,0
Aug-2004,Females,NSW,Mining,0,0.75793784
Aug-2004,Females,VIC,Mining,0,0.26386439
Aug-2004,Females,VIC,Mining,0.34605962,0
Aug-2004,Females,QLD,Mining,0.57319189,0.2895506
Aug-2004,Females,QLD,Mining,0.95309005,0.22791817
Aug-2004,Females,SA,Mining,0.30576083,0
Aug-2004,Females,WA,Mining,4.44840651,0.72128767
Aug-2004,Females,WA,Mining,2.1773737,0.40138251
Aug-2004,Females,NT,Mining,0.13508652,0.12151278
Nov-2004,Males,NSW,Mining,2.69368598,0
Nov-2004,Males,NSW,Mining,15.0431557,0.70446581
Nov-2004,Males,VIC,Mining,2.16856513,0
Nov-2004,Males,VIC,Mining,3.14514019,0.32686198
Nov-2004,Males,QLD,Mining,5.15950329,0.28403557
Nov-2004,Males,QLD,Mining,16.22195206,0.26261115
Nov-2004,Males,SA,Mining,2.25843489,0
Nov-2004,Males,SA,Mining,3.15319525,0.17940611
Nov-2004,Males,WA,Mining,16.80919732,0.19806695
Nov-2004,Males,WA,Mining,11.78250681,0
Nov-2004,Males,TAS,Mining,0.09017942,0.10622867
Nov-2004,Males,TAS,Mining,2.18665185,0
Nov-2004,Males,NT,Mining,1.92081015,0
Nov-2004,Males,NT,Mining,0.19128642,0
Nov-2004,Females,NSW,Mining,0,0.34438866
Nov-2004,Females,NSW,Mining,0.63856166,0.78251894
Nov-2004,Females,VIC,Mining,0.26668268,0.26555352
Nov-2004,Females,VIC,Mining,0.33298675,0
Nov-2004,Females,QLD,Mining,0.75747934,0.52102252
Nov-2004,Females,QLD,Mining,1.39670226,0.24242745
Nov-2004,Females,SA,Mining,0.45703028,0
Nov-2004,Females,SA,Mining,0.37432259,0
Nov-2004,Females,WA,Mining,4.76427563,0.76109934
Nov-2004,Females,WA,Mining,2.64172531,0
Nov-2004,Females,TAS,Mining,0.17525507,0
Nov-2004,Females,NT,Mining,0.25663226,0.32148594
Feb-2005,Males,NSW,Mining,2.75170074,0
Feb-2005,Males,NSW,Mining,17.02679982,0.86099361
Feb-2005,Males,VIC,Mining,2.75679852,0
Feb-2005,Males,VIC,Mining,1.55063858,0.63992068
Feb-2005,Males,QLD,Mining,4.1280615,0
Feb-2005,Males,QLD,Mining,17.71204,0.25051998
Feb-2005,Males,SA,Mining,2.23418615,0
Feb-2005,Males,SA,Mining,4.19487979,0
Feb-2005,Males,WA,Mining,23.63693761,0.22126353
Feb-2005,Males,WA,Mining,13.41706114,0.42620195
Feb-2005,Males,TAS,Mining,0.1796118,0
Feb-2005,Males,TAS,Mining,1.68402493,0
Feb-2005,Males,NT,Mining,1.36043769,0.12979978
Feb-2005,Males,NT,Mining,0.0969241,0
Feb-2005,Females,NSW,Mining,1.33078538,0.77326494
Feb-2005,Females,VIC,Mining,0,0.46694173
Feb-2005,Females,VIC,Mining,0.37386259,0
Feb-2005,Females,QLD,Mining,0.53557567,0
Feb-2005,Females,QLD,Mining,1.11455252,0
Feb-2005,Females,SA,Mining,0.46131806,0.15213552
Feb-2005,Females,SA,Mining,0.86072928,0.13345107
Feb-2005,Females,WA,Mining,4.2068538,0.55337787
Feb-2005,Females,WA,Mining,1.754436,0.21379933
Feb-2005,Females,TAS,Mining,0.30209347,0.09603851
Feb-2005,Females,NT,Mining,0.13987286,0.08439496
May-2005,Males,NSW,Mining,1.69712139,0.72022542
May-2005,Males,NSW,Mining,17.91000598,0.25117285
May-2005,Males,VIC,Mining,2.14071676,0
May-2005,Males,VIC,Mining,3.51969186,0
May-2005,Males,QLD,Mining,5.70157164,0
May-2005,Males,QLD,Mining,17.95342923,0.26043884
May-2005,Males,SA,Mining,2.27345143,0
May-2005,Males,SA,Mining,3.80159544,0
May-2005,Males,WA,Mining,25.30356192,0.40292961
May-2005,Males,WA,Mining,15.7023762,0.18288852
May-2005,Males,TAS,Mining,0.10037287,0
May-2005,Males,TAS,Mining,1.42728974,0
May-2005,Males,NT,Mining,1.82987036,0
May-2005,Males,NT,Mining,0,0.05749273
May-2005,Females,NSW,Mining,0.30904013,0.31959587
May-2005,Females,VIC,Mining,0.8755561,0.26939286
May-2005,Females,QLD,Mining,1.10408464,0
May-2005,Females,QLD,Mining,1.04470395,0
May-2005,Females,SA,Mining,0.46639435,0.48527399
May-2005,Females,SA,Mining,0.15657392,0.14834659
May-2005,Females,WA,Mining,4.25386394,0.53252034
May-2005,Females,WA,Mining,1.0965409,0.15968056
May-2005,Females,TAS,Mining,0.12208503,0
May-2005,Females,NT,Mining,0,0.08932692
Aug-2005,Males,NSW,Mining,1.73238894,0.40664436
Aug-2005,Males,NSW,Mining,14.11403451,0.97881189
Aug-2005,Males,VIC,Mining,2.73956147,0
Aug-2005,Males,VIC,Mining,4.83810067,0
Aug-2005,Males,QLD,Mining,6.63618204,0
Aug-2005,Males,QLD,Mining,25.29877742,0
Aug-2005,Males,SA,Mining,2.16624551,0
Aug-2005,Males,SA,Mining,4.37261938,0
Aug-2005,Males,WA,Mining,23.9191791,0.20955488
Aug-2005,Males,WA,Mining,15.93125838,0
Aug-2005,Males,TAS,Mining,1.5362436,0.1047175
Aug-2005,Males,NT,Mining,0.95038281,0
Aug-2005,Females,NSW,Mining,1.00197152,0.37048657
Aug-2005,Females,VIC,Mining,0.30305576,0.29136095
Aug-2005,Females,VIC,Mining,0.31046751,0
Aug-2005,Females,QLD,Mining,0.95546015,0.27919881
Aug-2005,Females,QLD,Mining,2.67243854,0.29997082
Aug-2005,Females,SA,Mining,0.47742351,0.16685747
Aug-2005,Females,SA,Mining,0.42996836,0.14961841
Aug-2005,Females,WA,Mining,4.12671848,0.71689113
Aug-2005,Females,WA,Mining,1.7356513,0.1991454
Aug-2005,Females,TAS,Mining,0.22462716,0.25596017
Aug-2005,Females,NT,Mining,0.27513663,0.13133998
Nov-2005,Males,NSW,Mining,2.83163279,0.7700851
Nov-2005,Males,NSW,Mining,14.65377958,0.52526794
Nov-2005,Males,VIC,Mining,3.50321004,0
Nov-2005,Males,VIC,Mining,3.80540013,0.34997153
Nov-2005,Males,QLD,Mining,8.0196506,0
Nov-2005,Males,QLD,Mining,24.06348106,0.21620346
Nov-2005,Males,SA,Mining,3.65219667,0
Nov-2005,Males,SA,Mining,3.62123366,0
Nov-2005,Males,WA,Mining,24.53560693,0
Nov-2005,Males,WA,Mining,15.72486285,0.19844869
Nov-2005,Males,TAS,Mining,2.16634805,0.09282105
Nov-2005,Males,NT,Mining,1.20606442,0
Nov-2005,Females,NSW,Mining,0.71938126,0.41704876
Nov-2005,Females,VIC,Mining,1.52508137,0
Nov-2005,Females,VIC,Mining,0.27329399,0
Nov-2005,Females,QLD,Mining,1.98965157,0.51831803
Nov-2005,Females,QLD,Mining,2.15239885,0.42900198
Nov-2005,Females,SA,Mining,0.66645965,0.13384874
Nov-2005,Females,SA,Mining,0.73142289,0
Nov-2005,Females,WA,Mining,5.96947406,0.91698278
Nov-2005,Females,WA,Mining,3.91219249,0.35390122
Nov-2005,Females,TAS,Mining,0.32356458,0.13883101
Nov-2005,Females,NT,Mining,0.27303684,0
Feb-2006,Males,NSW,Mining,2.87532417,0
Feb-2006,Males,NSW,Mining,16.74360204,0
Feb-2006,Males,VIC,Mining,4.02196489,0
Feb-2006,Males,VIC,Mining,2.82318248,0
Feb-2006,Males,QLD,Mining,6.1099537,0
Feb-2006,Males,QLD,Mining,26.3109837,0
Feb-2006,Males,SA,Mining,3.3493029,0
Feb-2006,Males,SA,Mining,4.70607075,0
Feb-2006,Males,WA,Mining,23.74574405,0.5859932
Feb-2006,Males,WA,Mining,11.4513801,0.21813749
Feb-2006,Males,TAS,Mining,0.10147249,0
Feb-2006,Males,TAS,Mining,2.01028063,0
Feb-2006,Males,NT,Mining,1.56277747,0
Feb-2006,Females,NSW,Mining,0.48274784,0
Feb-2006,Females,NSW,Mining,0.43002272,0.34955762
Feb-2006,Females,VIC,Mining,0.90023053,0
Feb-2006,Females,VIC,Mining,0.3106758,0
Feb-2006,Females,QLD,Mining,1.35513421,0.54881025
Feb-2006,Females,QLD,Mining,1.73370165,0.23423878
Feb-2006,Females,SA,Mining,0.47134992,0
Feb-2006,Females,SA,Mining,0.59171743,0
Feb-2006,Females,WA,Mining,6.90330775,1.24655842
Feb-2006,Females,WA,Mining,1.76718259,0
Feb-2006,Females,TAS,Mining,0.32503736,0.12896199
Feb-2006,Females,NT,Mining,0.30812656,0
May-2006,Males,NSW,Mining,2.2070301,0.27577219
May-2006,Males,NSW,Mining,15.39971986,0
May-2006,Males,VIC,Mining,2.90252645,0
May-2006,Males,VIC,Mining,3.13904294,0
May-2006,Males,QLD,Mining,4.33399088,0
May-2006,Males,QLD,Mining,29.50316656,0
May-2006,Males,SA,Mining,3.06675055,0.17586913
May-2006,Males,SA,Mining,4.33729661,0.21274575
May-2006,Males,WA,Mining,24.92952436,0.22953717
May-2006,Males,WA,Mining,13.38451045,3.48324874
May-2006,Males,TAS,Mining,0.09705297,0
May-2006,Males,TAS,Mining,1.72639488,0.11428766
May-2006,Males,NT,Mining,1.8505813,0
May-2006,Females,NSW,Mining,0.34255224,0.69661087
May-2006,Females,VIC,Mining,0.62075021,0.29412578
May-2006,Females,QLD,Mining,1.05913701,0.2402517
May-2006,Females,QLD,Mining,2.06594895,0.27483342
May-2006,Females,SA,Mining,0.66607471,0.3661342
May-2006,Females,SA,Mining,1.01487479,0
May-2006,Females,WA,Mining,6.07475551,1.45044567
May-2006,Females,WA,Mining,2.13430412,2.50990451
May-2006,Females,TAS,Mining,0.19625758,0
Aug-2006,Males,NSW,Mining,2.61093968,0.70533935
Aug-2006,Males,NSW,Mining,16.35856151,0.40627373
Aug-2006,Males,VIC,Mining,4.18960273,0
Aug-2006,Males,VIC,Mining,4.88962974,0
Aug-2006,Males,QLD,Mining,4.01880865,0
Aug-2006,Males,QLD,Mining,25.47811637,0.22600637
Aug-2006,Males,SA,Mining,4.26968109,0.17480962
Aug-2006,Males,SA,Mining,4.82804279,0
Aug-2006,Males,WA,Mining,26.74473021,0.37617217
Aug-2006,Males,WA,Mining,16.83280423,0.24482672
Aug-2006,Males,TAS,Mining,0.29811824,0
Aug-2006,Males,TAS,Mining,1.98380308,0
Aug-2006,Males,NT,Mining,1.91886329,0
Aug-2006,Females,NSW,Mining,0.89152386,0.71515626
Aug-2006,Females,NSW,Mining,0.41755495,0
Aug-2006,Females,VIC,Mining,0.35206778,0
Aug-2006,Females,QLD,Mining,0.24673884,0.56768384
Aug-2006,Females,QLD,Mining,0.42494939,0.34359753
Aug-2006,Females,SA,Mining,0.79603625,0.36642351
Aug-2006,Females,SA,Mining,1.04590476,0
Aug-2006,Females,WA,Mining,5.39366305,0.85091181
Aug-2006,Females,WA,Mining,2.70732855,0.92696743
Aug-2006,Females,TAS,Mining,0.08274319,0
Aug-2006,Females,NT,Mining,0.10611096,0
Nov-2006,Males,NSW,Mining,2.47551634,0
Nov-2006,Males,NSW,Mining,22.01088641,0.37974511
Nov-2006,Males,VIC,Mining,4.65043512,0
Nov-2006,Males,VIC,Mining,3.49454939,0
Nov-2006,Males,QLD,Mining,4.46861938,0
Nov-2006,Males,QLD,Mining,25.43974084,0.23982622
Nov-2006,Males,SA,Mining,3.53737611,0.14241001
Nov-2006,Males,SA,Mining,4.78980564,0.2263915
Nov-2006,Males,WA,Mining,25.81212825,0
Nov-2006,Males,WA,Mining,15.03178275,0.24348764
Nov-2006,Males,TAS,Mining,0.18582759,0.09086068
Nov-2006,Males,TAS,Mining,1.84183567,0
Nov-2006,Males,NT,Mining,1.39900053,0
Nov-2006,Males,NT,Mining,0.43300302,0
Nov-2006,Females,NSW,Mining,0.49509293,0
Nov-2006,Females,NSW,Mining,0.81290281,0
Nov-2006,Females,VIC,Mining,0.64305183,0
Nov-2006,Females,QLD,Mining,1.76397027,0
Nov-2006,Females,QLD,Mining,1.62918027,0.21192267
Nov-2006,Females,SA,Mining,0.65728778,0.1699676
Nov-2006,Females,SA,Mining,1.14494484,0
Nov-2006,Females,WA,Mining,7.64201326,0.92093453
Nov-2006,Females,WA,Mining,2.38827746,0.22778303
Nov-2006,Females,NT,Mining,0.14883009,0
Feb-2007,Males,NSW,Mining,2.51618642,0.33873451
Feb-2007,Males,NSW,Mining,20.74509793,0.83857867
Feb-2007,Males,VIC,Mining,1.16707759,0
Feb-2007,Males,VIC,Mining,3.53372484,0
Feb-2007,Males,QLD,Mining,4.44015474,0.32404239
Feb-2007,Males,QLD,Mining,28.91918799,0.41125542
Feb-2007,Males,SA,Mining,4.23551402,0
Feb-2007,Males,SA,Mining,4.73564641,0
Feb-2007,Males,WA,Mining,26.24444753,0.44170807
Feb-2007,Males,WA,Mining,15.66689178,0
Feb-2007,Males,TAS,Mining,0.2709888,0
Feb-2007,Males,TAS,Mining,2.39179925,0
Feb-2007,Males,NT,Mining,1.79817263,0
Feb-2007,Males,NT,Mining,0.18202672,0
Feb-2007,Females,NSW,Mining,0.36154535,0.6802675
Feb-2007,Females,NSW,Mining,0.68242728,0
Feb-2007,Females,VIC,Mining,0.30308697,0
Feb-2007,Females,QLD,Mining,1.22078141,0
Feb-2007,Females,QLD,Mining,0.55499479,0.48422685
Feb-2007,Females,SA,Mining,1.60119332,0.18763963
Feb-2007,Females,SA,Mining,1.38501781,0
Feb-2007,Females,WA,Mining,6.20232627,0.71076838
Feb-2007,Females,WA,Mining,2.47930982,0.20993905
Feb-2007,Females,TAS,Mining,0.08260707,0
Feb-2007,Females,NT,Mining,0.27809877,0
May-2007,Males,NSW,Mining,2.52361753,0
May-2007,Males,NSW,Mining,18.10594379,0.37897541
May-2007,Males,VIC,Mining,4.15588204,0
May-2007,Males,VIC,Mining,4.94092255,0.36021591
May-2007,Males,QLD,Mining,3.94951818,0
May-2007,Males,QLD,Mining,27.42041753,0.41004374
May-2007,Males,SA,Mining,2.77701313,0.29550315
May-2007,Males,SA,Mining,3.27271002,0
May-2007,Males,WA,Mining,25.28779669,0.20934876
May-2007,Males,WA,Mining,14.58493669,0
May-2007,Males,TAS,Mining,0.08467682,0
May-2007,Males,TAS,Mining,2.53433031,0.13054721
May-2007,Males,NT,Mining,1.3542462,0
May-2007,Males,NT,Mining,0.18171379,0
May-2007,Females,NSW,Mining,1.02459805,0
May-2007,Females,NSW,Mining,0.34196243,0
May-2007,Females,VIC,Mining,0.57201273,0
May-2007,Females,VIC,Mining,0.55166395,0
May-2007,Females,QLD,Mining,1.84067977,0
May-2007,Females,QLD,Mining,2.61954138,0.25444475
May-2007,Females,SA,Mining,0.95395244,0
May-2007,Females,SA,Mining,1.47349412,0
May-2007,Females,WA,Mining,6.70093754,0.94750067
May-2007,Females,WA,Mining,1.80809293,0
May-2007,Females,TAS,Mining,0,0.10130404
May-2007,Females,TAS,Mining,0.19875666,0
May-2007,Females,NT,Mining,0.49388538,0
Aug-2007,Males,NSW,Mining,1.66174213,0.31821048
Aug-2007,Males,NSW,Mining,17.80366524,0.84112204
Aug-2007,Males,VIC,Mining,4.7447819,0
Aug-2007,Males,VIC,Mining,6.3270143,0
Aug-2007,Males,QLD,Mining,5.50324574,0
Aug-2007,Males,QLD,Mining,27.35779603,0
Aug-2007,Males,SA,Mining,3.17422725,0
Aug-2007,Males,SA,Mining,3.72910217,0
Aug-2007,Males,WA,Mining,27.1732792,0.39119394
Aug-2007,Males,WA,Mining,14.89710648,0
Aug-2007,Males,TAS,Mining,0.28179973,0
Aug-2007,Males,TAS,Mining,1.61956279,0.20957114
Aug-2007,Males,NT,Mining,3.09684826,0
Aug-2007,Females,NSW,Mining,1.0342825,0
Aug-2007,Females,NSW,Mining,0.33479611,0
Aug-2007,Females,VIC,Mining,1.23260869,0
Aug-2007,Females,QLD,Mining,1.32701983,0
Aug-2007,Females,QLD,Mining,2.57727299,0
Aug-2007,Females,SA,Mining,1.19458258,0
Aug-2007,Females,SA,Mining,0.94656044,0
Aug-2007,Females,WA,Mining,6.39871247,1.20005732
Aug-2007,Females,WA,Mining,1.91387752,0
Aug-2007,Females,TAS,Mining,0.09622922,0
Aug-2007,Females,TAS,Mining,0.18283732,0
Nov-2007,Males,NSW,Mining,2.97170174,0
Nov-2007,Males,NSW,Mining,17.83595733,0
Nov-2007,Males,VIC,Mining,3.58715113,0
Nov-2007,Males,VIC,Mining,3.54215654,0
Nov-2007,Males,QLD,Mining,8.63864492,0
Nov-2007,Males,QLD,Mining,27.28686509,0
Nov-2007,Males,SA,Mining,3.99016176,0
Nov-2007,Males,SA,Mining,4.20419901,0.11598894
Nov-2007,Males,WA,Mining,26.65327515,0.20711853
Nov-2007,Males,WA,Mining,13.83694275,0.35986125
Nov-2007,Males,TAS,Mining,0.22392473,0
Nov-2007,Males,TAS,Mining,1.94189894,0.10390582
Nov-2007,Males,NT,Mining,2.774732,0
Nov-2007,Females,NSW,Mining,0.65635955,0
Nov-2007,Females,NSW,Mining,0.42321943,0
Nov-2007,Females,VIC,Mining,0.96650137,0
Nov-2007,Females,QLD,Mining,1.98267547,0.31283218
Nov-2007,Females,QLD,Mining,1.58422986,0
Nov-2007,Females,SA,Mining,0.68210423,0.15462969
Nov-2007,Females,SA,Mining,0.96178132,0
Nov-2007,Females,WA,Mining,6.93081402,1.10513174
Nov-2007,Females,WA,Mining,2.42302001,0.20876626
Nov-2007,Females,TAS,Mining,0,0.07878343
Nov-2007,Females,TAS,Mining,0.10077591,0
Nov-2007,Females,NT,Mining,0.23608354,0
Feb-2008,Males,NSW,Mining,4.26053488,0.4515199
Feb-2008,Males,NSW,Mining,17.20498549,0
Feb-2008,Males,VIC,Mining,3.79416532,0
Feb-2008,Males,VIC,Mining,4.23920803,0
Feb-2008,Males,QLD,Mining,5.46663901,0.32438152
Feb-2008,Males,QLD,Mining,24.73945681,0
Feb-2008,Males,SA,Mining,2.54752446,0
Feb-2008,Males,SA,Mining,4.79527048,0
Feb-2008,Males,WA,Mining,31.14399526,0.57402576
Feb-2008,Males,WA,Mining,14.50358362,0
Feb-2008,Males,TAS,Mining,0.19017701,0
Feb-2008,Males,TAS,Mining,1.79588165,0
Feb-2008,Males,NT,Mining,2.65561739,0
Feb-2008,Males,NT,Mining,0,0
Feb-2008,Females,NSW,Mining,0.35322127,0
Feb-2008,Females,NSW,Mining,0.29800403,0
Feb-2008,Females,VIC,Mining,0.76827275,0
Feb-2008,Females,QLD,Mining,2.52225561,0.31526391
Feb-2008,Females,QLD,Mining,2.15010666,0.52175956
Feb-2008,Females,SA,Mining,0.9001252,0.15384669
Feb-2008,Females,SA,Mining,0.80763021,0
Feb-2008,Females,WA,Mining,6.74090294,1.18896352
Feb-2008,Females,WA,Mining,2.03505292,0.17408082
Feb-2008,Females,TAS,Mining,0.08318799,0
Feb-2008,Females,NT,Mining,0.21003902,0
May-2008,Males,NSW,Mining,4.36659403,0
May-2008,Males,NSW,Mining,22.99090585,0.79304336
May-2008,Males,VIC,Mining,1.58204129,0
May-2008,Males,VIC,Mining,3.25661845,0
May-2008,Males,QLD,Mining,5.96891088,0
May-2008,Males,QLD,Mining,25.1198537,0
May-2008,Males,SA,Mining,3.92157641,0
May-2008,Males,SA,Mining,2.61785311,0
May-2008,Males,WA,Mining,38.28585628,0.44190911
May-2008,Males,WA,Mining,20.53103684,0.39907075
May-2008,Males,TAS,Mining,0.31791352,0.09361011
May-2008,Males,TAS,Mining,1.7949187,0
May-2008,Males,NT,Mining,3.3655711,0.0567002
May-2008,Males,NT,Mining,0.23027414,0
May-2008,Females,NSW,Mining,0.44331679,0
May-2008,Females,NSW,Mining,1.41636101,0
May-2008,Females,VIC,Mining,1.56542884,0
May-2008,Females,VIC,Mining,0.60236756,0
May-2008,Females,QLD,Mining,3.08570632,0.74579188
May-2008,Females,QLD,Mining,1.45424771,0
May-2008,Females,SA,Mining,0.95015123,0.37854088
May-2008,Females,WA,Mining,9.70044823,1.88876107
May-2008,Females,WA,Mining,4.03317169,0
May-2008,Females,TAS,Mining,0.21112935,0
May-2008,Females,TAS,Mining,0.36732299,0
May-2008,Females,NT,Mining,0.57669537,0.10866483
Aug-2008,Males,NSW,Mining,1.72993657,0
Aug-2008,Males,NSW,Mining,27.56796559,0.97031333
Aug-2008,Males,VIC,Mining,4.7347107,0
Aug-2008,Males,VIC,Mining,3.25914819,0
Aug-2008,Males,QLD,Mining,5.4036341,0.61374726
Aug-2008,Males,QLD,Mining,27.88682115,0.4828102
Aug-2008,Males,SA,Mining,5.78466571,0
Aug-2008,Males,SA,Mining,2.96936007,0
Aug-2008,Males,WA,Mining,34.23165736,0
Aug-2008,Males,WA,Mining,23.41257776,0
Aug-2008,Males,TAS,Mining,0.11307977,0
Aug-2008,Males,TAS,Mining,1.84805729,0
Aug-2008,Males,NT,Mining,4.49661494,0
Aug-2008,Females,NSW,Mining,0.53127554,0.53581151
Aug-2008,Females,NSW,Mining,1.91911789,0
Aug-2008,Females,VIC,Mining,1.03246605,0.53010547
Aug-2008,Females,VIC,Mining,0,0.28154385
Aug-2008,Females,QLD,Mining,2.10769739,0.96305457
Aug-2008,Females,QLD,Mining,1.09489208,0.75834573
Aug-2008,Females,SA,Mining,0.54033441,0.5125745
Aug-2008,Females,SA,Mining,0.224714,0
Aug-2008,Females,WA,Mining,10.05689287,0.41401003
Aug-2008,Females,WA,Mining,3.71915836,0
Aug-2008,Females,NT,Mining,0.51436793,0.17610944
Nov-2008,Males,NSW,Mining,3.21023481,0
Nov-2008,Males,NSW,Mining,25.42968505,0.43590246
Nov-2008,Males,VIC,Mining,4.29657384,0
Nov-2008,Males,VIC,Mining,3.56755561,0
Nov-2008,Males,QLD,Mining,7.8070559,0
Nov-2008,Males,QLD,Mining,30.38568282,0
Nov-2008,Males,SA,Mining,6.47468376,0.45794183
Nov-2008,Males,SA,Mining,1.94342198,0
Nov-2008,Males,WA,Mining,38.6906874,0.33742691
Nov-2008,Males,WA,Mining,19.94760821,0
Nov-2008,Males,TAS,Mining,0.11176688,0
Nov-2008,Males,TAS,Mining,1.71643528,0.15434913
Nov-2008,Males,NT,Mining,4.84788357,0
Nov-2008,Females,NSW,Mining,0.4926194,0.55974437
Nov-2008,Females,NSW,Mining,2.3763915,0.48433879
Nov-2008,Females,VIC,Mining,2.04455321,0
Nov-2008,Females,VIC,Mining,0.8104857,0.27516213
Nov-2008,Females,QLD,Mining,2.8131247,0
Nov-2008,Females,QLD,Mining,2.57237495,1.44718785
Nov-2008,Females,SA,Mining,0.79533495,0
Nov-2008,Females,SA,Mining,0.32195613,0
Nov-2008,Females,WA,Mining,10.74604871,0.75567648
Nov-2008,Females,WA,Mining,3.81852524,0
Nov-2008,Females,NT,Mining,0.50284482,0.18102784
Feb-2009,Males,NSW,Mining,4.13634073,0
Feb-2009,Males,NSW,Mining,23.12947357,0.57708319
Feb-2009,Males,VIC,Mining,5.387076,0
Feb-2009,Males,VIC,Mining,4.02803763,0
Feb-2009,Males,QLD,Mining,12.7937068,0
Feb-2009,Males,QLD,Mining,32.40838124,0.51278698
Feb-2009,Males,SA,Mining,4.77822022,0
Feb-2009,Males,SA,Mining,2.31628747,0
Feb-2009,Males,WA,Mining,30.83301037,0.5125977
Feb-2009,Males,WA,Mining,17.83023966,0
Feb-2009,Males,TAS,Mining,0.15873204,0
Feb-2009,Males,TAS,Mining,2.10780368,0
Feb-2009,Males,NT,Mining,4.36863753,0
Feb-2009,Females,NSW,Mining,3.23857929,0.57037486
Feb-2009,Females,VIC,Mining,1.57253143,0
Feb-2009,Females,VIC,Mining,0.53522727,0
Feb-2009,Females,QLD,Mining,1.48293965,0
Feb-2009,Females,QLD,Mining,0.75346886,2.21852786
Feb-2009,Females,SA,Mining,0.49470816,0
Feb-2009,Females,WA,Mining,6.08271824,0.69185848
Feb-2009,Females,WA,Mining,3.67431659,0
Feb-2009,Females,TAS,Mining,0.27693654,0
Feb-2009,Females,NT,Mining,0.25383807,0
May-2009,Males,NSW,Mining,3.14897432,0
May-2009,Males,NSW,Mining,19.31858716,1.25799996
May-2009,Males,VIC,Mining,3.82011118,0
May-2009,Males,VIC,Mining,4.26250387,0
May-2009,Males,QLD,Mining,11.5021944,0
May-2009,Males,QLD,Mining,31.07751421,0.5467424
May-2009,Males,SA,Mining,3.44132342,0.2401329
May-2009,Males,SA,Mining,1.98385555,0
May-2009,Males,WA,Mining,28.23427023,0.29146357
May-2009,Males,WA,Mining,17.64301847,0
May-2009,Males,TAS,Mining,0.13170812,0
May-2009,Males,TAS,Mining,2.40867284,0
May-2009,Males,NT,Mining,3.7814465,0
May-2009,Females,NSW,Mining,1.04888906,0
May-2009,Females,NSW,Mining,3.97538391,0
May-2009,Females,VIC,Mining,0.96848092,0
May-2009,Females,VIC,Mining,0.55676896,0
May-2009,Females,QLD,Mining,2.3576016,0
May-2009,Females,QLD,Mining,1.61045174,1.03470279
May-2009,Females,SA,Mining,0.80965899,0
May-2009,Females,WA,Mining,4.35611592,1.3293564
May-2009,Females,WA,Mining,2.3929915,0.29678247
May-2009,Females,TAS,Mining,0.2526921,0
May-2009,Females,NT,Mining,0.13611991,0
Aug-2009,Males,NSW,Mining,5.63467988,0.64304504
Aug-2009,Males,NSW,Mining,20.32267765,1.57833811
Aug-2009,Males,VIC,Mining,4.99615561,0
Aug-2009,Males,VIC,Mining,5.50864574,0
Aug-2009,Males,QLD,Mining,10.00550434,0
Aug-2009,Males,QLD,Mining,29.72826976,0
Aug-2009,Males,SA,Mining,3.90539135,0
Aug-2009,Males,SA,Mining,1.53774656,0
Aug-2009,Males,WA,Mining,29.246697,0.40746177
Aug-2009,Males,WA,Mining,22.55864385,0
Aug-2009,Males,TAS,Mining,0.24139759,0
Aug-2009,Males,TAS,Mining,2.82240095,0
Aug-2009,Males,NT,Mining,3.07396329,0
Aug-2009,Females,NSW,Mining,0.52389285,0.51938095
Aug-2009,Females,NSW,Mining,1.84591984,0
Aug-2009,Females,VIC,Mining,1.4751312,0
Aug-2009,Females,VIC,Mining,0.51980941,0
Aug-2009,Females,QLD,Mining,2.8602503,0.47522697
Aug-2009,Females,QLD,Mining,2.74624079,0.44803546
Aug-2009,Females,SA,Mining,0.80344331,0
Aug-2009,Females,WA,Mining,6.6667461,0.6126685
Aug-2009,Females,WA,Mining,1.76732241,0.23895443
Aug-2009,Females,TAS,Mining,0.1317184,0
Aug-2009,Females,TAS,Mining,0.11832699,0
Aug-2009,Females,NT,Mining,0.3024966,0
Nov-2009,Males,NSW,Mining,6.44825414,0
Nov-2009,Males,NSW,Mining,22.4513098,1.73619724
Nov-2009,Males,VIC,Mining,6.13567905,0.38905169
Nov-2009,Males,VIC,Mining,2.98532107,0.40280742
Nov-2009,Males,QLD,Mining,5.81906829,0
Nov-2009,Males,QLD,Mining,28.50478295,0
Nov-2009,Males,SA,Mining,3.93165051,0.14677457
Nov-2009,Males,SA,Mining,1.9477444,0
Nov-2009,Males,WA,Mining,33.46559259,0
Nov-2009,Males,WA,Mining,22.42000795,0.97224346
Nov-2009,Males,TAS,Mining,0.087736,0
Nov-2009,Males,TAS,Mining,3.39362118,0
Nov-2009,Males,NT,Mining,2.56768847,0
Nov-2009,Females,NSW,Mining,0.40378994,0.35517142
Nov-2009,Females,NSW,Mining,2.42977385,0
Nov-2009,Females,VIC,Mining,1.5748528,0
Nov-2009,Females,QLD,Mining,2.66857743,0
Nov-2009,Females,QLD,Mining,2.67556073,0.34546087
Nov-2009,Females,SA,Mining,1.15844661,0
Nov-2009,Females,WA,Mining,5.4364774,0.79542361
Nov-2009,Females,WA,Mining,3.12862307,0
Nov-2009,Females,TAS,Mining,0,0.10045657
Nov-2009,Females,TAS,Mining,0.21336633,0
Nov-2009,Females,NT,Mining,0.45155961,0
Feb-2010,Males,NSW,Mining,5.59750378,0
Feb-2010,Males,NSW,Mining,24.90184026,0.93615027
Feb-2010,Males,VIC,Mining,5.21899006,0
Feb-2010,Males,VIC,Mining,3.85166725,0
Feb-2010,Males,QLD,Mining,7.34470286,0
Feb-2010,Males,QLD,Mining,26.27446459,0
Feb-2010,Males,SA,Mining,4.58433462,0.19239726
Feb-2010,Males,SA,Mining,1.94518343,0.24460195
Feb-2010,Males,WA,Mining,43.03933777,0.80883014
Feb-2010,Males,WA,Mining,20.65997955,0
Feb-2010,Males,TAS,Mining,0.11251509,0
Feb-2010,Males,TAS,Mining,3.0914639,0.10149388
Feb-2010,Males,NT,Mining,3.63691792,0
Feb-2010,Males,NT,Mining,0.21559373,0
Feb-2010,Females,NSW,Mining,0.42416434,0.37383727
Feb-2010,Females,NSW,Mining,0.78883922,0
Feb-2010,Females,VIC,Mining,1.44733669,0
Feb-2010,Females,VIC,Mining,0.84168917,0
Feb-2010,Females,QLD,Mining,0.92735798,0.68012421
Feb-2010,Females,QLD,Mining,3.42939951,0.48665026
Feb-2010,Females,SA,Mining,0.79356765,0
Feb-2010,Females,WA,Mining,8.96203728,1.07611305
Feb-2010,Females,WA,Mining,2.6978205,0
Feb-2010,Females,TAS,Mining,0,0.10401408
Feb-2010,Females,TAS,Mining,0.12825597,0
Feb-2010,Females,NT,Mining,0.52116514,0.10437304
May-2010,Males,NSW,Mining,3.76185694,0.39744633
May-2010,Males,NSW,Mining,23.08072039,0
May-2010,Males,VIC,Mining,5.88889417,0.31922494
May-2010,Males,VIC,Mining,1.63422315,0
May-2010,Males,QLD,Mining,10.59645228,0.36356618
May-2010,Males,QLD,Mining,24.65957534,0.33739498
May-2010,Males,SA,Mining,3.46071581,0.21005612
May-2010,Males,SA,Mining,2.71522473,0
May-2010,Males,WA,Mining,43.84864199,0.77950746
May-2010,Males,WA,Mining,19.64168893,0.46478687
May-2010,Males,TAS,Mining,0.49528516,0.1025147
May-2010,Males,TAS,Mining,2.51651538,0
May-2010,Males,NT,Mining,3.06056828,0.07701166
May-2010,Males,NT,Mining,0.50494713,0
May-2010,Females,NSW,Mining,0.38158885,0.40652942
May-2010,Females,NSW,Mining,1.86651273,0.83452919
May-2010,Females,VIC,Mining,2.23928614,0
May-2010,Females,VIC,Mining,0.90039412,0
May-2010,Females,QLD,Mining,0.97300183,0.77077013
May-2010,Females,QLD,Mining,2.72868471,0.46192191
May-2010,Females,SA,Mining,0.39872776,0
May-2010,Females,WA,Mining,11.53630918,2.40909018
May-2010,Females,WA,Mining,3.33242743,0
May-2010,Females,TAS,Mining,0.11732201,0.10881247
May-2010,Females,NT,Mining,0.76772492,0
Aug-2010,Males,NSW,Mining,4.67355451,0.44753817
Aug-2010,Males,NSW,Mining,24.60210185,0.80171049
Aug-2010,Males,VIC,Mining,3.98565409,0.364427
Aug-2010,Males,VIC,Mining,4.91381573,0.36700412
Aug-2010,Males,QLD,Mining,10.4028188,0
Aug-2010,Males,QLD,Mining,32.25675034,0
Aug-2010,Males,SA,Mining,3.95082343,0.18665595
Aug-2010,Males,SA,Mining,1.56378112,0.28425027
Aug-2010,Males,WA,Mining,40.0471952,0
Aug-2010,Males,WA,Mining,31.21818747,0
Aug-2010,Males,TAS,Mining,0.33202395,0.12362215
Aug-2010,Males,TAS,Mining,2.34880985,0
Aug-2010,Males,NT,Mining,2.99162453,0
Aug-2010,Males,NT,Mining,0.40745126,0
Aug-2010,Females,NSW,Mining,0.79375246,0.40523069
Aug-2010,Females,NSW,Mining,1.81543685,0
Aug-2010,Females,VIC,Mining,0.43568718,0
Aug-2010,Females,VIC,Mining,0.34808356,0
Aug-2010,Females,QLD,Mining,1.35383886,0.71222062
Aug-2010,Females,QLD,Mining,4.33944212,0.38409419
Aug-2010,Females,SA,Mining,0,0
Aug-2010,Females,WA,Mining,11.28561118,1.15163917
Aug-2010,Females,WA,Mining,4.34946938,0
Aug-2010,Females,TAS,Mining,0,0.11913553
Aug-2010,Females,TAS,Mining,0.18772013,0
Aug-2010,Females,NT,Mining,0.52669421,0.09378526
Aug-2010,Females,NT,Mining,0,0.1042253
Nov-2010,Males,NSW,Mining,4.31673401,0.41534142
Nov-2010,Males,NSW,Mining,24.44195404,0.87627949
Nov-2010,Males,VIC,Mining,3.04734059,0
Nov-2010,Males,VIC,Mining,4.26835266,0
Nov-2010,Males,QLD,Mining,11.51760541,0
Nov-2010,Males,QLD,Mining,31.24124133,0
Nov-2010,Males,SA,Mining,4.23926703,0.20838819
Nov-2010,Males,SA,Mining,2.0950238,0
Nov-2010,Males,WA,Mining,39.08360069,0.52453173
Nov-2010,Males,WA,Mining,31.73152724,0
Nov-2010,Males,TAS,Mining,0.53198227,0.08993354
Nov-2010,Males,TAS,Mining,2.4288297,0
Nov-2010,Males,NT,Mining,3.30171161,0
Nov-2010,Males,NT,Mining,0.15298604,0
Nov-2010,Females,NSW,Mining,0.79632145,0.84608828
Nov-2010,Females,NSW,Mining,2.50860653,0
Nov-2010,Females,VIC,Mining,1.31240287,0
Nov-2010,Females,VIC,Mining,0,0.28211506
Nov-2010,Females,QLD,Mining,2.75111972,0
Nov-2010,Females,QLD,Mining,4.46541838,0.74176265
Nov-2010,Females,SA,Mining,0.65104741,0.17008348
Nov-2010,Females,WA,Mining,13.36651866,1.48771249
Nov-2010,Females,WA,Mining,3.8463971,0
Nov-2010,Females,TAS,Mining,0,0.22893717
Nov-2010,Females,TAS,Mining,0.22994727,0.10893246
Nov-2010,Females,NT,Mining,0.6153659,0
Feb-2011,Males,NSW,Mining,4.3010882,0.48776085
Feb-2011,Males,NSW,Mining,29.21930191,0
Feb-2011,Males,VIC,Mining,4.90900016,0.31545498
Feb-2011,Males,VIC,Mining,3.80779915,0
Feb-2011,Males,QLD,Mining,11.85215424,0
Feb-2011,Males,QLD,Mining,33.55487592,0
Feb-2011,Males,SA,Mining,3.00578145,0
Feb-2011,Males,SA,Mining,1.79800483,0
Feb-2011,Males,WA,Mining,39.61476386,0.33335675
Feb-2011,Males,WA,Mining,30.07568183,0
Feb-2011,Males,TAS,Mining,0.47177894,0
Feb-2011,Males,TAS,Mining,2.57149859,0.10279074
Feb-2011,Males,NT,Mining,4.21022423,0
Feb-2011,Males,NT,Mining,0.13074209,0
Feb-2011,Females,NSW,Mining,3.33287564,0
Feb-2011,Females,VIC,Mining,1.32270692,0
Feb-2011,Females,VIC,Mining,0.47854251,0.25317528
Feb-2011,Females,QLD,Mining,3.43497106,0
Feb-2011,Females,QLD,Mining,4.24460206,0.76050309
Feb-2011,Females,SA,Mining,2.61430034,0.19302563
Feb-2011,Females,WA,Mining,9.28094121,1.96618722
Feb-2011,Females,WA,Mining,4.38216941,0
Feb-2011,Females,TAS,Mining,0.14650184,0
Feb-2011,Females,NT,Mining,0.31121725,0
May-2011,Males,NSW,Mining,5.46583563,0
May-2011,Males,NSW,Mining,28.29148186,0.41800003
May-2011,Males,VIC,Mining,3.19086256,0
May-2011,Males,VIC,Mining,3.60034156,0
May-2011,Males,QLD,Mining,11.5786443,0.71030807
May-2011,Males,QLD,Mining,41.3395158,0
May-2011,Males,SA,Mining,4.65951778,0.1903907
May-2011,Males,SA,Mining,2.06477843,0
May-2011,Males,WA,Mining,43.53217907,0.36994456
May-2011,Males,WA,Mining,27.92318331,0.25389783
May-2011,Males,TAS,Mining,0.36745167,0
May-2011,Males,TAS,Mining,2.83759491,0.12368978
May-2011,Males,NT,Mining,4.0254853,0
May-2011,Females,NSW,Mining,3.6201511,0.46750549
May-2011,Females,VIC,Mining,1.18768457,0
May-2011,Females,QLD,Mining,2.72993498,0
May-2011,Females,QLD,Mining,1.87194561,1.21473091
May-2011,Females,SA,Mining,1.40203584,0.44391547
May-2011,Females,SA,Mining,0.58917033,0
May-2011,Females,WA,Mining,11.98650596,1.957832
May-2011,Females,WA,Mining,4.6643463,0.35694055
May-2011,Females,TAS,Mining,0.09619268,0
May-2011,Females,TAS,Mining,0.11453711,0
May-2011,Females,NT,Mining,0.38627319,0.06915253
Aug-2011,Males,NSW,Mining,4.10761328,0.47612818
Aug-2011,Males,NSW,Mining,26.60586546,0
Aug-2011,Males,VIC,Mining,5.10154382,0.87917515
Aug-2011,Males,VIC,Mining,3.72346682,0
Aug-2011,Males,QLD,Mining,10.62051228,0
Aug-2011,Males,QLD,Mining,46.2440907,0
Aug-2011,Males,SA,Mining,4.15425538,0.18125998
Aug-2011,Males,SA,Mining,1.73404378,0
Aug-2011,Males,WA,Mining,45.95863381,0.26288715
Aug-2011,Males,WA,Mining,28.76861973,0.42433975
Aug-2011,Males,TAS,Mining,0.28112231,0.11000927
Aug-2011,Males,TAS,Mining,3.33439453,0
Aug-2011,Males,NT,Mining,3.80110104,0
Aug-2011,Males,NT,Mining,0.13308371,0
Aug-2011,Females,NSW,Mining,0.91736867,0.4037654
Aug-2011,Females,NSW,Mining,2.85990959,0.86014758
Aug-2011,Females,VIC,Mining,1.1851906,0.40834043
Aug-2011,Females,VIC,Mining,0.46099394,0
Aug-2011,Females,QLD,Mining,2.19080552,0.38814605
Aug-2011,Females,QLD,Mining,2.81021593,1.8746153
Aug-2011,Females,SA,Mining,1.16245323,0.39949955
Aug-2011,Females,SA,Mining,0.55785185,0
Aug-2011,Females,WA,Mining,12.30458485,2.25232659
Aug-2011,Females,WA,Mining,3.10134218,0
Aug-2011,Females,TAS,Mining,0.0931538,0
Aug-2011,Females,NT,Mining,0.1942134,0.09117191
Nov-2011,Males,NSW,Mining,5.1977283,0
Nov-2011,Males,NSW,Mining,31.32286576,0.45521933
Nov-2011,Males,VIC,Mining,5.86191267,0.4629626
Nov-2011,Males,VIC,Mining,4.52545524,0
Nov-2011,Males,QLD,Mining,10.5614715,0.65060556
Nov-2011,Males,QLD,Mining,36.42185627,0
Nov-2011,Males,SA,Mining,5.55380553,0
Nov-2011,Males,SA,Mining,2.36087129,0
Nov-2011,Males,WA,Mining,49.728144,0.59455355
Nov-2011,Males,WA,Mining,38.1699865,0.23436374
Nov-2011,Males,TAS,Mining,0.26073897,0
Nov-2011,Males,TAS,Mining,3.75639665,0.12059884
Nov-2011,Males,NT,Mining,3.71726263,0.13784169
Nov-2011,Males,NT,Mining,0.12502397,0
Nov-2011,Females,NSW,Mining,0.8918474,0.39299883
Nov-2011,Females,NSW,Mining,2.85475086,1.24210956
Nov-2011,Females,VIC,Mining,2.49714639,0.46338885
Nov-2011,Females,VIC,Mining,0,0
Nov-2011,Females,QLD,Mining,3.88275463,0.55089024
Nov-2011,Females,QLD,Mining,4.63706223,0.55007631
Nov-2011,Females,SA,Mining,1.7091952,0.4057854
Nov-2011,Females,SA,Mining,0.20807755,0
Nov-2011,Females,WA,Mining,11.34875941,2.07810206
Nov-2011,Females,WA,Mining,4.8669076,0.32646125
Nov-2011,Females,TAS,Mining,0.2416459,0.12361576
Nov-2011,Females,NT,Mining,0.39761401,0
Feb-2012,Males,NSW,Mining,6.53439547,0
Feb-2012,Males,NSW,Mining,32.74984375,1.03093143
Feb-2012,Males,VIC,Mining,7.49631497,0
Feb-2012,Males,VIC,Mining,4.01360747,0
Feb-2012,Males,QLD,Mining,11.33424898,0.84360746
Feb-2012,Males,QLD,Mining,39.58889667,0.37619872
Feb-2012,Males,SA,Mining,6.05011335,0
Feb-2012,Males,SA,Mining,2.11855153,0.22147589
Feb-2012,Males,WA,Mining,50.66733197,0.58435073
Feb-2012,Males,WA,Mining,35.62710607,0
Feb-2012,Males,TAS,Mining,0.35438082,0
Feb-2012,Males,TAS,Mining,3.53029453,0.11113941
Feb-2012,Males,NT,Mining,4.38935127,0
Feb-2012,Males,NT,Mining,0.27029735,0
Feb-2012,Females,NSW,Mining,0.78795167,0
Feb-2012,Females,NSW,Mining,3.37786232,0
Feb-2012,Females,VIC,Mining,0.73435527,1.21660492
Feb-2012,Females,QLD,Mining,3.24087973,0
Feb-2012,Females,QLD,Mining,6.09913778,0.35926105
Feb-2012,Females,SA,Mining,0.99018454,0.45047597
Feb-2012,Females,SA,Mining,0.82440584,0
Feb-2012,Females,WA,Mining,14.7863513,0.85175051
Feb-2012,Females,WA,Mining,4.62309964,1.27617623
Feb-2012,Females,TAS,Mining,0,0.10398372
Feb-2012,Females,TAS,Mining,0.22898981,0
Feb-2012,Females,NT,Mining,0.7596293,0
May-2012,Males,NSW,Mining,6.75560047,0
May-2012,Males,NSW,Mining,37.2075196,0.94648579
May-2012,Males,VIC,Mining,5.30066534,0
May-2012,Males,VIC,Mining,4.51150046,0
May-2012,Males,QLD,Mining,15.75845657,1.4025441
May-2012,Males,QLD,Mining,44.66634417,0.89064961
May-2012,Males,SA,Mining,7.10889433,0
May-2012,Males,SA,Mining,4.6313291,0
May-2012,Males,WA,Mining,58.29887448,0.84682135
May-2012,Males,WA,Mining,38.04062453,0
May-2012,Males,TAS,Mining,0.20260194,0
May-2012,Males,TAS,Mining,3.66853768,0
May-2012,Males,NT,Mining,3.35627447,0
May-2012,Males,NT,Mining,0.10773209,0
May-2012,Females,NSW,Mining,2.46149389,0.95966088
May-2012,Females,VIC,Mining,1.12090143,0.43987375
May-2012,Females,QLD,Mining,3.10585435,0.66352854
May-2012,Females,QLD,Mining,6.04128667,0
May-2012,Females,SA,Mining,1.38660305,0.38891774
May-2012,Females,SA,Mining,0.50002752,0
May-2012,Females,WA,Mining,16.20398098,1.64464428
May-2012,Females,WA,Mining,4.16284095,0.6236043
May-2012,Females,TAS,Mining,0,0.081912
May-2012,Females,TAS,Mining,0.09343625,0
May-2012,Females,NT,Mining,0.52561582,0
May-2012,Females,NT,Mining,0.14052968,0
Aug-2012,Males,NSW,Mining,4.34169683,0.43447464
Aug-2012,Males,NSW,Mining,33.5101933,2.80737032
Aug-2012,Males,VIC,Mining,4.98252092,0
Aug-2012,Males,VIC,Mining,5.57686737,0
Aug-2012,Males,QLD,Mining,17.19773498,0.34423614
Aug-2012,Males,QLD,Mining,40.87005861,1.21121055
Aug-2012,Males,SA,Mining,7.90651262,0.16571002
Aug-2012,Males,SA,Mining,4.15916864,0
Aug-2012,Males,WA,Mining,59.35949931,0.80670508
Aug-2012,Males,WA,Mining,39.7450356,0.3548276
Aug-2012,Males,TAS,Mining,0.41533903,0
Aug-2012,Males,TAS,Mining,4.21886815,0
Aug-2012,Males,NT,Mining,4.47320061,0.0947408
Aug-2012,Males,NT,Mining,0.11860527,0
Aug-2012,Females,NSW,Mining,0.91450468,0
Aug-2012,Females,NSW,Mining,2.97282185,0
Aug-2012,Females,VIC,Mining,1.52317183,0
Aug-2012,Females,QLD,Mining,3.91001595,0
Aug-2012,Females,QLD,Mining,4.99525912,0.88687687
Aug-2012,Females,SA,Mining,0.77424208,0.37073046
Aug-2012,Females,WA,Mining,16.55478055,0.79425203
Aug-2012,Females,WA,Mining,3.44652725,0.37305516
Aug-2012,Females,TAS,Mining,0.10810862,0
Aug-2012,Females,TAS,Mining,0.13840603,0
Aug-2012,Females,NT,Mining,0.36090615,0
Nov-2012,Males,NSW,Mining,5.58885398,0
Nov-2012,Males,NSW,Mining,34.26443109,0.91695279
Nov-2012,Males,VIC,Mining,4.93900912,0
Nov-2012,Males,VIC,Mining,4.01794942,0
Nov-2012,Males,QLD,Mining,15.22970967,0.38343799
Nov-2012,Males,QLD,Mining,41.81667248,0.38366326
Nov-2012,Males,SA,Mining,5.57049268,0
Nov-2012,Males,SA,Mining,4.65432391,0
Nov-2012,Males,WA,Mining,59.2520356,0.49831073
Nov-2012,Males,WA,Mining,32.99423032,0
Nov-2012,Males,TAS,Mining,0.46783388,0
Nov-2012,Males,TAS,Mining,3.52021483,0.09678873
Nov-2012,Males,NT,Mining,5.46860452,0.06038651
Nov-2012,Females,NSW,Mining,0.83486662,0.45824131
Nov-2012,Females,NSW,Mining,1.83602018,0
Nov-2012,Females,VIC,Mining,1.2022927,0
Nov-2012,Females,VIC,Mining,0.222221,0
Nov-2012,Females,QLD,Mining,5.94448313,0.38991587
Nov-2012,Females,QLD,Mining,5.78313873,1.20995047
Nov-2012,Females,SA,Mining,1.95256933,0.18416288
Nov-2012,Females,SA,Mining,0.20885829,0
Nov-2012,Females,WA,Mining,12.05714823,3.05509353
Nov-2012,Females,WA,Mining,4.19420046,0.1408408
Nov-2012,Females,TAS,Mining,0.31344196,0
Nov-2012,Females,TAS,Mining,0.12246971,0
Nov-2012,Females,NT,Mining,0.22495344,0
Feb-2013,Males,NSW,Mining,9.64064581,0
Feb-2013,Males,NSW,Mining,24.65633781,0.89134608
Feb-2013,Males,VIC,Mining,5.14007369,0.32758532
Feb-2013,Males,VIC,Mining,6.22078942,0.34310922
Feb-2013,Males,QLD,Mining,17.56902779,0
Feb-2013,Males,QLD,Mining,45.82209242,0
Feb-2013,Males,SA,Mining,6.73386783,0.18240366
Feb-2013,Males,SA,Mining,3.68062819,0
Feb-2013,Males,WA,Mining,59.42011975,0.59442533
Feb-2013,Males,WA,Mining,36.74554366,0
Feb-2013,Males,TAS,Mining,0.59693044,0
Feb-2013,Males,TAS,Mining,4.29918663,0.15228315
Feb-2013,Males,NT,Mining,4.08466536,0.20909456
Feb-2013,Males,NT,Mining,0.20910839,0
Feb-2013,Females,NSW,Mining,2.46756407,0
Feb-2013,Females,NSW,Mining,2.65482795,0
Feb-2013,Females,VIC,Mining,2.54369683,0
Feb-2013,Females,QLD,Mining,3.37226892,0.33396122
Feb-2013,Females,QLD,Mining,4.68192348,0.65705801
Feb-2013,Females,SA,Mining,1.72785756,0.59181522
Feb-2013,Females,SA,Mining,0.49969819,0
Feb-2013,Females,WA,Mining,11.50999556,1.39178961
Feb-2013,Females,WA,Mining,3.49278826,0
Feb-2013,Females,TAS,Mining,0.11348346,0
Feb-2013,Females,TAS,Mining,0.22262272,0
Feb-2013,Females,NT,Mining,0.38235869,0.11591122
Feb-2013,Females,NT,Mining,0,0.11010812
May-2013,Males,NSW,Mining,7.72353602,1.40700416
May-2013,Males,NSW,Mining,26.85016912,0
May-2013,Males,VIC,Mining,6.75407172,0.4152105
May-2013,Males,VIC,Mining,8.44763885,0
May-2013,Males,QLD,Mining,15.64997706,0
May-2013,Males,QLD,Mining,45.49544075,0.79329879
May-2013,Males,SA,Mining,4.64852028,0.2764544
May-2013,Males,SA,Mining,4.05804351,0
May-2013,Males,WA,Mining,55.02825661,0.56511904
May-2013,Males,WA,Mining,31.53886553,0
May-2013,Males,TAS,Mining,1.0407075,0
May-2013,Males,TAS,Mining,2.6872016,0
May-2013,Males,NT,Mining,3.7677589,0.07816894
May-2013,Females,NSW,Mining,1.98486584,0.82901981
May-2013,Females,NSW,Mining,3.13297011,0.46992453
May-2013,Females,VIC,Mining,2.03317453,0.36307997
May-2013,Females,VIC,Mining,0.30656866,0
May-2013,Females,QLD,Mining,1.62077368,0.43862145
May-2013,Females,QLD,Mining,8.0308482,0.90545897
May-2013,Females,SA,Mining,0.19855471,0.19819464
May-2013,Females,SA,Mining,0.25959898,0
May-2013,Females,WA,Mining,10.56164465,2.11059514
May-2013,Females,WA,Mining,5.77865246,0
May-2013,Females,TAS,Mining,0.26566078,0.23773221
May-2013,Females,NT,Mining,0.32718649,0
Aug-2013,Males,NSW,Mining,8.02895102,0
Aug-2013,Males,NSW,Mining,34.8923138,0.51749439
Aug-2013,Males,VIC,Mining,5.34209842,0
Aug-2013,Males,VIC,Mining,4.66443598,0
Aug-2013,Males,QLD,Mining,17.29761509,0
Aug-2013,Males,QLD,Mining,44.96393264,0.4388468
Aug-2013,Males,SA,Mining,5.77132752,0
Aug-2013,Males,SA,Mining,4.15168161,0.28646191
Aug-2013,Males,WA,Mining,51.46366212,1.06235628
Aug-2013,Males,WA,Mining,34.39681738,0
Aug-2013,Males,TAS,Mining,0.36004858,0
Aug-2013,Males,TAS,Mining,3.21209106,0.23322068
Aug-2013,Males,NT,Mining,4.14369701,0
Aug-2013,Males,NT,Mining,0.20869565,0
Aug-2013,Females,NSW,Mining,1.52496025,0.61944803
Aug-2013,Females,NSW,Mining,2.01389704,1.04668773
Aug-2013,Females,VIC,Mining,0.99481478,0
Aug-2013,Females,VIC,Mining,1.07652614,0
Aug-2013,Females,QLD,Mining,4.22664101,0.84625092
Aug-2013,Females,QLD,Mining,8.04186911,0.75454981
Aug-2013,Females,SA,Mining,0.51588824,0.2214168
Aug-2013,Females,SA,Mining,0.58371512,0
Aug-2013,Females,WA,Mining,12.26447232,0.73762061
Aug-2013,Females,WA,Mining,5.06633616,0
Aug-2013,Females,TAS,Mining,0.10626053,0
Aug-2013,Females,NT,Mining,0.48768375,0
Nov-2013,Males,NSW,Mining,6.94437151,0.5136342
Nov-2013,Males,NSW,Mining,33.29391214,0
Nov-2013,Males,VIC,Mining,7.3651694,0
Nov-2013,Males,VIC,Mining,3.64351125,0.53127262
Nov-2013,Males,QLD,Mining,19.55243826,0
Nov-2013,Males,QLD,Mining,49.29857444,0
Nov-2013,Males,SA,Mining,7.391954,0
Nov-2013,Males,SA,Mining,2.32554136,0.6090621
Nov-2013,Males,WA,Mining,59.68516945,1.4626508
Nov-2013,Males,WA,Mining,25.12741605,0.43068477
Nov-2013,Males,TAS,Mining,0.22302351,0
Nov-2013,Males,TAS,Mining,3.51135359,0
Nov-2013,Males,NT,Mining,5.21384839,0
Nov-2013,Males,NT,Mining,0,0.19578626
Nov-2013,Females,NSW,Mining,1.30540078,0
Nov-2013,Females,NSW,Mining,4.46520453,0.92186239
Nov-2013,Females,VIC,Mining,1.3651253,0
Nov-2013,Females,QLD,Mining,4.08303087,0.64056698
Nov-2013,Females,QLD,Mining,6.70181246,0.31779454
Nov-2013,Females,SA,Mining,1.41698848,0.21464013
Nov-2013,Females,SA,Mining,0.78854369,0
Nov-2013,Females,WA,Mining,11.22317411,1.82723279
Nov-2013,Females,WA,Mining,2.77750109,0.46127421
Nov-2013,Females,TAS,Mining,0.34949657,0.12164591
Nov-2013,Females,NT,Mining,0.78809931,0
Feb-2014,Males,NSW,Mining,3.056249,0
Feb-2014,Males,NSW,Mining,28.95504541,1.15755367
Feb-2014,Males,VIC,Mining,5.6466649,0
Feb-2014,Males,VIC,Mining,5.62989586,0
Feb-2014,Males,QLD,Mining,17.76147457,0
Feb-2014,Males,QLD,Mining,48.76438862,0
Feb-2014,Males,SA,Mining,8.58923304,0
Feb-2014,Males,SA,Mining,4.02888565,0
Feb-2014,Males,WA,Mining,55.3599664,2.82011892
Feb-2014,Males,WA,Mining,33.84603649,0
Feb-2014,Males,TAS,Mining,0.22538414,0
Feb-2014,Males,TAS,Mining,3.41051116,0
Feb-2014,Males,NT,Mining,4.58102896,0
Feb-2014,Males,NT,Mining,0,0
Feb-2014,Females,NSW,Mining,0.73116274,0.4118215
Feb-2014,Females,NSW,Mining,3.22085864,0
Feb-2014,Females,VIC,Mining,1.38010438,0
Feb-2014,Females,QLD,Mining,4.50213538,0.82574804
Feb-2014,Females,QLD,Mining,3.79331527,0.74613639
Feb-2014,Females,SA,Mining,1.45474709,0.22354634
Feb-2014,Females,SA,Mining,0.78444429,0.23678641
Feb-2014,Females,WA,Mining,13.21829538,2.53017152
Feb-2014,Females,WA,Mining,4.04940739,0.45216635
Feb-2014,Females,TAS,Mining,0.24027989,0
Feb-2014,Females,NT,Mining,0.54353054,0.24740354
May-2014,Males,NSW,Mining,1.95945347,0.39000296
May-2014,Males,NSW,Mining,34.42723307,0.9501273
May-2014,Males,VIC,Mining,7.87518817,0
May-2014,Males,VIC,Mining,5.43731161,0.93374666
May-2014,Males,QLD,Mining,15.29652449,0
May-2014,Males,QLD,Mining,50.89946378,0
May-2014,Males,SA,Mining,9.25432431,0.43586447
May-2014,Males,SA,Mining,3.3294468,0.29616801
May-2014,Males,WA,Mining,50.9443856,0.88377033
May-2014,Males,WA,Mining,27.89338861,0
May-2014,Males,TAS,Mining,0.650912,0
May-2014,Males,TAS,Mining,3.21962088,0
May-2014,Males,NT,Mining,5.65841782,0
May-2014,Females,NSW,Mining,0.61551177,0
May-2014,Females,NSW,Mining,2.2005785,0.47100067
May-2014,Females,VIC,Mining,1.81996471,0.44421802
May-2014,Females,VIC,Mining,0,0
May-2014,Females,QLD,Mining,2.87169262,0.74493096
May-2014,Females,QLD,Mining,5.40997064,0.35990523
May-2014,Females,SA,Mining,1.41591785,0.74436242
May-2014,Females,SA,Mining,0,0.68806027
May-2014,Females,WA,Mining,11.66637946,1.73701413
May-2014,Females,WA,Mining,3.75157512,0.35085436
May-2014,Females,TAS,Mining,0,0.08248204
May-2014,Females,TAS,Mining,0.10068431,0.08758538
May-2014,Females,NT,Mining,0.77133354,0
Aug-2014,Males,NSW,Mining,2.18694072,0.45832174
Aug-2014,Males,NSW,Mining,27.05111306,0.84801391
Aug-2014,Males,VIC,Mining,8.32397834,0
Aug-2014,Males,VIC,Mining,4.11283741,0
Aug-2014,Males,QLD,Mining,12.18016129,0.91588915
Aug-2014,Males,QLD,Mining,45.42415552,0.37558193
Aug-2014,Males,SA,Mining,7.21221713,0.23629946
Aug-2014,Males,SA,Mining,3.6154285,0.38723421
Aug-2014,Males,WA,Mining,50.30432207,0.63835772
Aug-2014,Males,WA,Mining,24.02909937,0.53372263
Aug-2014,Males,TAS,Mining,0.34480163,0
Aug-2014,Males,TAS,Mining,2.64424634,0
Aug-2014,Males,NT,Mining,3.88874721,0
Aug-2014,Females,NSW,Mining,0.5910405,0
Aug-2014,Females,NSW,Mining,2.52987513,0.47121443
Aug-2014,Females,VIC,Mining,2.04582009,0.57439567
Aug-2014,Females,VIC,Mining,0.57382045,0
Aug-2014,Females,QLD,Mining,2.18330523,0.84930572
Aug-2014,Females,QLD,Mining,7.02490436,0
Aug-2014,Females,SA,Mining,1.50162818,0.5126421
Aug-2014,Females,WA,Mining,10.41380273,0.78988241
Aug-2014,Females,WA,Mining,3.40364591,0.37834893
Aug-2014,Females,NT,Mining,0.5825048,0.11380275
Nov-2014,Males,NSW,Mining,1.53487668,0
Nov-2014,Males,NSW,Mining,23.21712961,0
Nov-2014,Males,VIC,Mining,5.63760657,0
Nov-2014,Males,VIC,Mining,3.60676201,0
Nov-2014,Males,QLD,Mining,11.02014005,0
Nov-2014,Males,QLD,Mining,43.42815331,0.47556237
Nov-2014,Males,SA,Mining,8.96970374,0.26509498
Nov-2014,Males,SA,Mining,4.63606685,0.7817099
Nov-2014,Males,WA,Mining,50.46652429,1.31666451
Nov-2014,Males,WA,Mining,25.23581765,0.93795269
Nov-2014,Males,TAS,Mining,0.4901089,0
Nov-2014,Males,TAS,Mining,3.00528561,0.09859702
Nov-2014,Males,NT,Mining,4.5874083,0.10479749
Nov-2014,Females,NSW,Mining,1.13962493,0
Nov-2014,Females,NSW,Mining,2.13108661,0.47154356
Nov-2014,Females,QLD,Mining,2.29854329,0
Nov-2014,Females,QLD,Mining,5.5921239,0.41878382
Nov-2014,Females,SA,Mining,0.74311999,0.54894758
Nov-2014,Females,SA,Mining,0.27464935,0
Nov-2014,Females,WA,Mining,12.21734998,1.05017756
Nov-2014,Females,WA,Mining,2.58499286,0.38794038
Nov-2014,Females,NT,Mining,0.43971796,0.09718659
Feb-2015,Males,NSW,Mining,2.16595052,0
Feb-2015,Males,NSW,Mining,29.62222561,0.48405167
Feb-2015,Males,VIC,Mining,3.92169071,0
Feb-2015,Males,VIC,Mining,4.69894379,0
Feb-2015,Males,QLD,Mining,14.68829381,0.37831004
Feb-2015,Males,QLD,Mining,34.85684357,1.89478071
Feb-2015,Males,SA,Mining,6.75010615,0.24038524
Feb-2015,Males,SA,Mining,3.09964881,0.31074667
Feb-2015,Males,WA,Mining,44.85528024,0.58092669
Feb-2015,Males,WA,Mining,23.63348666,0
Feb-2015,Males,TAS,Mining,0.67203432,0
Feb-2015,Males,TAS,Mining,1.46544761,0.11092341
Feb-2015,Males,NT,Mining,4.52877294,0.06268799
Feb-2015,Females,NSW,Mining,2.56950595,0.53736803
Feb-2015,Females,VIC,Mining,1.0620599,0
Feb-2015,Females,QLD,Mining,3.47259987,0.35274346
Feb-2015,Females,QLD,Mining,4.48958865,2.7556207
Feb-2015,Females,SA,Mining,0,0.23337611
Feb-2015,Females,SA,Mining,1.28251465,0
Feb-2015,Females,WA,Mining,10.12206489,0.63801455
Feb-2015,Females,WA,Mining,5.89404811,0
Feb-2015,Females,TAS,Mining,0.11476701,0
Feb-2015,Females,NT,Mining,1.04590918,0.09239645
May-2015,Males,NSW,Mining,4.67715013,0
May-2015,Males,NSW,Mining,27.99847943,1.70659638
May-2015,Males,VIC,Mining,4.19380056,0
May-2015,Males,VIC,Mining,4.12133798,0.52735516
May-2015,Males,QLD,Mining,16.25811721,0.35839564
May-2015,Males,QLD,Mining,40.45170955,2.36781595
May-2015,Males,SA,Mining,6.05484676,0.55187599
May-2015,Males,SA,Mining,3.54924577,0.17578279
May-2015,Males,WA,Mining,48.63173603,0
May-2015,Males,WA,Mining,24.43268501,0
May-2015,Males,TAS,Mining,2.02271491,0
May-2015,Males,NT,Mining,3.95679004,0.06093832
May-2015,Males,NT,Mining,0.23999417,0
May-2015,Females,NSW,Mining,0.46775192,0.46344297
May-2015,Females,NSW,Mining,1.37306472,0.50566233
May-2015,Females,VIC,Mining,1.0963662,0
May-2015,Females,VIC,Mining,0.62325914,0
May-2015,Females,QLD,Mining,3.15533837,0
May-2015,Females,QLD,Mining,1.52599007,0
May-2015,Females,SA,Mining,0,0
May-2015,Females,SA,Mining,0.63156349,0
May-2015,Females,WA,Mining,12.66998166,1.66837341
May-2015,Females,WA,Mining,3.22115941,0
May-2015,Females,TAS,Mining,0.12372591,0
May-2015,Females,NT,Mining,0.74628314,0.10379483
Aug-2015,Males,NSW,Mining,5.35361039,0
Aug-2015,Males,NSW,Mining,31.75662878,0.99586474
Aug-2015,Males,VIC,Mining,4.84665252,0
Aug-2015,Males,VIC,Mining,2.78316332,0
Aug-2015,Males,QLD,Mining,16.40139697,0
Aug-2015,Males,QLD,Mining,42.12702573,0.93446712
Aug-2015,Males,SA,Mining,3.95233491,0.57306031
Aug-2015,Males,SA,Mining,5.20995333,0.27186919
Aug-2015,Males,WA,Mining,51.97753668,1.34277165
Aug-2015,Males,WA,Mining,29.28346129,0
Aug-2015,Males,TAS,Mining,0.12709275,0
Aug-2015,Males,TAS,Mining,1.84579551,0
Aug-2015,Males,NT,Mining,5.24800903,0
Aug-2015,Females,NSW,Mining,2.0936266,0
Aug-2015,Females,NSW,Mining,2.80613722,0
Aug-2015,Females,VIC,Mining,0.52924981,0
Aug-2015,Females,VIC,Mining,0.86376937,0
Aug-2015,Females,QLD,Mining,3.60209691,0
Aug-2015,Females,QLD,Mining,2.93517501,0.48018971
Aug-2015,Females,SA,Mining,0.76030354,0
Aug-2015,Females,SA,Mining,0.76576916,0
Aug-2015,Females,WA,Mining,12.58497577,1.65119937
Aug-2015,Females,WA,Mining,3.66490309,0
Aug-2015,Females,TAS,Mining,0.30059274,0
Aug-2015,Females,NT,Mining,0.86446262,0.09712679
Nov-2015,Males,NSW,Mining,3.8181483,0
Nov-2015,Males,NSW,Mining,29.65128011,0.58699244
Nov-2015,Males,VIC,Mining,3.67630346,0
Nov-2015,Males,VIC,Mining,1.58813138,0
Nov-2015,Males,QLD,Mining,8.70296683,0
Nov-2015,Males,QLD,Mining,41.99494179,0.45781625
Nov-2015,Males,SA,Mining,4.63489431,0.43200185
Nov-2015,Males,SA,Mining,2.13219126,0
Nov-2015,Males,WA,Mining,49.1547375,0.63732555
Nov-2015,Males,WA,Mining,26.46562739,0
Nov-2015,Males,TAS,Mining,0.24815219,0
Nov-2015,Males,TAS,Mining,1.61942946,0
Nov-2015,Males,NT,Mining,4.86279343,0
Nov-2015,Females,NSW,Mining,2.24677178,0
Nov-2015,Females,NSW,Mining,2.85206368,0
Nov-2015,Females,VIC,Mining,1.43576178,0
Nov-2015,Females,VIC,Mining,0.50372953,0
Nov-2015,Females,QLD,Mining,2.87135399,0.30804989
Nov-2015,Females,QLD,Mining,2.34923313,0.90174243
Nov-2015,Females,SA,Mining,0.95175964,0
Nov-2015,Females,SA,Mining,0.35082665,0
Nov-2015,Females,WA,Mining,9.70540551,1.4583077
Nov-2015,Females,WA,Mining,4.87429681,0
Nov-2015,Females,TAS,Mining,0.39247358,0
Nov-2015,Females,NT,Mining,0.56067106,0.0715636
Feb-2016,Males,NSW,Mining,4.30174944,0
Feb-2016,Males,NSW,Mining,30.31602453,0
Feb-2016,Males,VIC,Mining,4.36311676,0
Feb-2016,Males,VIC,Mining,3.36689297,0
Feb-2016,Males,QLD,Mining,7.85606453,0.41181942
Feb-2016,Males,QLD,Mining,39.53934135,0
Feb-2016,Males,SA,Mining,3.00493063,0
Feb-2016,Males,SA,Mining,1.29486481,0
Feb-2016,Males,WA,Mining,51.25612042,0.89504145
Feb-2016,Males,WA,Mining,29.79435952,0.51384071
Feb-2016,Males,TAS,Mining,0.43644292,0
Feb-2016,Males,TAS,Mining,2.42128891,0
Feb-2016,Males,NT,Mining,4.7576203,0.05785508
Feb-2016,Females,NSW,Mining,0.45463398,0
Feb-2016,Females,NSW,Mining,2.59740098,0
Feb-2016,Females,VIC,Mining,1.61213947,0
Feb-2016,Females,VIC,Mining,0.76858011,0
Feb-2016,Females,QLD,Mining,2.871804,0
Feb-2016,Females,QLD,Mining,4.93074644,0.89595538
Feb-2016,Females,SA,Mining,0.95631884,0
Feb-2016,Females,SA,Mining,0,0
Feb-2016,Females,WA,Mining,9.04806585,0.77364207
Feb-2016,Females,WA,Mining,4.19821946,0
Feb-2016,Females,TAS,Mining,0.11778195,0
Feb-2016,Females,TAS,Mining,0.33985544,0
Feb-2016,Females,NT,Mining,0.73591423,0
May-2016,Males,NSW,Mining,4.42996438,0
May-2016,Males,NSW,Mining,23.2167117,0
May-2016,Males,VIC,Mining,3.23821867,0
May-2016,Males,VIC,Mining,5.54361131,0
May-2016,Males,QLD,Mining,11.41379689,0.37240093
May-2016,Males,QLD,Mining,29.80320131,0.48073607
May-2016,Males,SA,Mining,4.26864453,0
May-2016,Males,SA,Mining,2.0160808,0.73364847
May-2016,Males,WA,Mining,55.62954618,0.65878178
May-2016,Males,WA,Mining,28.30942076,0
May-2016,Males,TAS,Mining,0.20969428,0
May-2016,Males,TAS,Mining,1.97531597,0
May-2016,Males,NT,Mining,6.16045769,0.11670337
May-2016,Females,NSW,Mining,0,0.49975928
May-2016,Females,NSW,Mining,3.6548033,0.43113896
May-2016,Females,VIC,Mining,1.07155028,0
May-2016,Females,VIC,Mining,0.44801187,0
May-2016,Females,QLD,Mining,2.09885975,0
May-2016,Females,QLD,Mining,5.78545258,0.67888196
May-2016,Females,SA,Mining,0.9834215,0
May-2016,Females,WA,Mining,11.62060339,1.61881478
May-2016,Females,WA,Mining,7.01845351,0.80664437
May-2016,Females,TAS,Mining,0.30469016,0
May-2016,Females,NT,Mining,0.77755635,0
Aug-2016,Males,NSW,Mining,6.07880389,0
Aug-2016,Males,NSW,Mining,25.94756995,1.91280214
Aug-2016,Males,VIC,Mining,5.02534737,0
Aug-2016,Males,VIC,Mining,3.86314361,0.86306012
Aug-2016,Males,QLD,Mining,11.97438534,0.3642304
Aug-2016,Males,QLD,Mining,34.35450727,1.27548795
Aug-2016,Males,SA,Mining,3.07255432,0.44411177
Aug-2016,Males,SA,Mining,2.07082621,0.317992
Aug-2016,Males,WA,Mining,45.87300028,0.68321927
Aug-2016,Males,WA,Mining,29.5278977,0
Aug-2016,Males,TAS,Mining,0.597411,0
Aug-2016,Males,TAS,Mining,2.59224926,0
Aug-2016,Males,NT,Mining,3.61055039,0
Aug-2016,Females,NSW,Mining,0.4815251,0
Aug-2016,Females,NSW,Mining,2.86481888,0
Aug-2016,Females,VIC,Mining,1.48791769,0
Aug-2016,Females,QLD,Mining,3.79287438,0
Aug-2016,Females,QLD,Mining,7.32288305,0
Aug-2016,Females,SA,Mining,0.28842685,0
Aug-2016,Females,SA,Mining,0.5453217,0
Aug-2016,Females,WA,Mining,11.32032829,1.69840459
Aug-2016,Females,WA,Mining,2.45812921,0
Aug-2016,Females,TAS,Mining,0,0.08928082
Aug-2016,Females,NT,Mining,0.76351267,0
Nov-2016,Males,NSW,Mining,7.09431658,0.26091205
Nov-2016,Males,NSW,Mining,29.93172865,0.53409828
Nov-2016,Males,VIC,Mining,4.05924319,0
Nov-2016,Males,VIC,Mining,4.64813031,0.53325683
Nov-2016,Males,QLD,Mining,8.44574172,0.87002814
Nov-2016,Males,QLD,Mining,38.24072656,0.50127488
Nov-2016,Males,SA,Mining,3.95925883,0
Nov-2016,Males,SA,Mining,2.85072364,0
Nov-2016,Males,WA,Mining,49.49008766,0
Nov-2016,Males,WA,Mining,28.08035195,0.51512681
Nov-2016,Males,TAS,Mining,0.10447072,0
Nov-2016,Males,TAS,Mining,1.84110301,0.35325571
Nov-2016,Males,NT,Mining,5.42390004,0
Nov-2016,Females,NSW,Mining,0.39495458,0
Nov-2016,Females,NSW,Mining,2.10078376,0.48934826
Nov-2016,Females,VIC,Mining,0.94992253,0.91344852
Nov-2016,Females,QLD,Mining,1.00516899,0.85661923
Nov-2016,Females,QLD,Mining,7.0082751,0.71724339
Nov-2016,Females,SA,Mining,0.23687244,0
Nov-2016,Females,SA,Mining,0.36580072,0
Nov-2016,Females,WA,Mining,11.62689514,2.21523568
Nov-2016,Females,WA,Mining,3.6552914,0.67449231
Nov-2016,Females,TAS,Mining,0.09403018,0.19113291
Nov-2016,Females,NT,Mining,0.66026016,0.21091109
Feb-2017,Males,NSW,Mining,6.06152395,0.33162353
Feb-2017,Males,NSW,Mining,28.78564126,0.93542897
Feb-2017,Males,VIC,Mining,4.13222183,0
Feb-2017,Males,VIC,Mining,6.39004132,0.50504753
Feb-2017,Males,QLD,Mining,9.63932182,0.42607073
Feb-2017,Males,QLD,Mining,37.60075307,1.60255567
Feb-2017,Males,SA,Mining,4.54941773,0.27370163
Feb-2017,Males,SA,Mining,4.49691056,0.25653398
Feb-2017,Males,WA,Mining,48.93674022,0.62221614
Feb-2017,Males,WA,Mining,28.69941956,1.57365178
Feb-2017,Males,TAS,Mining,0.37179358,0.10102187
Feb-2017,Males,TAS,Mining,1.73906246,0
Feb-2017,Males,NT,Mining,6.81089744,0.08179625
Feb-2017,Females,NSW,Mining,0,0.48758321
Feb-2017,Females,NSW,Mining,2.62010738,1.07170133
Feb-2017,Females,VIC,Mining,0.53154967,0.90798543
Feb-2017,Females,QLD,Mining,1.41269297,0.7038559
Feb-2017,Females,QLD,Mining,4.06487819,1.1283246
Feb-2017,Females,SA,Mining,0.72237233,0.23055263
Feb-2017,Females,WA,Mining,9.12451495,2.40481947
Feb-2017,Females,WA,Mining,2.92512018,1.46157969
Feb-2017,Females,NT,Mining,0.65089319,0
May-2017,Males,NSW,Mining,7.82816349,0.44640264
May-2017,Males,NSW,Mining,28.13433333,1.11180739
May-2017,Males,VIC,Mining,3.87895152,0
May-2017,Males,VIC,Mining,4.16528562,0.47357611
May-2017,Males,QLD,Mining,12.18474141,0
May-2017,Males,QLD,Mining,36.70554047,0.42175102
May-2017,Males,SA,Mining,4.92473047,0.23384269
May-2017,Males,SA,Mining,2.43461553,0
May-2017,Males,WA,Mining,45.86464567,0.2565732
May-2017,Males,WA,Mining,25.53852435,0
May-2017,Males,TAS,Mining,0.60345862,0
May-2017,Males,TAS,Mining,2.98874857,0.12104352
May-2017,Males,NT,Mining,4.19357797,0.16233038
May-2017,Females,NSW,Mining,2.83319267,1.55329528
May-2017,Females,VIC,Mining,1.86022202,0.88731338
May-2017,Females,QLD,Mining,1.05652256,0.4931877
May-2017,Females,QLD,Mining,5.63028622,0.30216072
May-2017,Females,SA,Mining,0.98495126,0.50434304
May-2017,Females,WA,Mining,11.11062695,0.60989721
May-2017,Females,WA,Mining,2.94429475,0.49739203
May-2017,Females,TAS,Mining,0,0.09483486
May-2017,Females,NT,Mining,0.57768306,0.06616662
Aug-2017,Males,NSW,Mining,2.98751937,0
Aug-2017,Males,NSW,Mining,32.47105735,0
Aug-2017,Males,VIC,Mining,3.56037571,0
Aug-2017,Males,VIC,Mining,2.65793996,0
Aug-2017,Males,QLD,Mining,12.65499772,0
Aug-2017,Males,QLD,Mining,39.31948855,0.65971526
Aug-2017,Males,SA,Mining,3.34933814,0
Aug-2017,Males,SA,Mining,3.16346056,0
Aug-2017,Males,WA,Mining,42.42344301,0.97520873
Aug-2017,Males,WA,Mining,23.16149221,0.39119921
Aug-2017,Males,TAS,Mining,0.49626247,0
Aug-2017,Males,TAS,Mining,3.77129613,0.29746836
Aug-2017,Males,NT,Mining,4.32220238,0.10315842
Aug-2017,Males,NT,Mining,0,0.12536719
Aug-2017,Females,NSW,Mining,1.36364834,0
Aug-2017,Females,NSW,Mining,2.1617093,2.18732495
Aug-2017,Females,VIC,Mining,1.81780548,0.92993659
Aug-2017,Females,VIC,Mining,0,0.4212054
Aug-2017,Females,QLD,Mining,1.71687538,0.47887752
Aug-2017,Females,QLD,Mining,3.22311429,0.66454533
Aug-2017,Females,SA,Mining,2.17444464,0.23605728
Aug-2017,Females,SA,Mining,0.2739332,0
Aug-2017,Females,WA,Mining,10.65510024,2.31223012
Aug-2017,Females,WA,Mining,4.6165472,0.38266303
Aug-2017,Females,NT,Mining,0.36439558,0
Nov-2017,Males,NSW,Mining,3.93033414,0
Nov-2017,Males,NSW,Mining,32.53414511,0.47026387
Nov-2017,Males,VIC,Mining,5.37260843,0
Nov-2017,Males,VIC,Mining,4.27949566,0
Nov-2017,Males,QLD,Mining,9.71242151,0
Nov-2017,Males,QLD,Mining,38.89363281,0
Nov-2017,Males,SA,Mining,3.48789443,0.48237366
Nov-2017,Males,SA,Mining,3.50037812,0.21592639
Nov-2017,Males,WA,Mining,47.02944208,1.45176669
Nov-2017,Males,WA,Mining,23.33862325,0
Nov-2017,Males,TAS,Mining,0.49952494,0
Nov-2017,Males,TAS,Mining,3.47791555,0.16578548
Nov-2017,Males,NT,Mining,4.0062701,0
Nov-2017,Females,NSW,Mining,1.55832563,0
Nov-2017,Females,NSW,Mining,5.08501025,0.56216707
Nov-2017,Females,VIC,Mining,1.26419928,0.81617216
Nov-2017,Females,VIC,Mining,0,1.09494714
Nov-2017,Females,QLD,Mining,2.4416629,0.5269155
Nov-2017,Females,QLD,Mining,3.49551865,0.38176097
Nov-2017,Females,SA,Mining,0.75213762,0.27268936
Nov-2017,Females,SA,Mining,0.2698943,0
Nov-2017,Females,WA,Mining,11.00599483,2.87531675
Nov-2017,Females,WA,Mining,2.00919206,0
Nov-2017,Females,TAS,Mining,0,0.08304707
Nov-2017,Females,NT,Mining,0.45626997,0
Feb-2018,Males,NSW,Mining,4.08604639,0.32711826
Feb-2018,Males,NSW,Mining,30.02625649,0.68631948
Feb-2018,Males,VIC,Mining,3.11693562,0
Feb-2018,Males,VIC,Mining,5.99261924,0
Feb-2018,Males,QLD,Mining,9.20102056,0.35251433
Feb-2018,Males,QLD,Mining,44.39942576,0.82957061
Feb-2018,Males,SA,Mining,3.34884287,0.23391317
Feb-2018,Males,SA,Mining,2.85820845,0.28090607
Feb-2018,Males,WA,Mining,54.41641838,2.18443739
Feb-2018,Males,WA,Mining,20.57502601,0
Feb-2018,Males,TAS,Mining,0.58869303,0
Feb-2018,Males,TAS,Mining,3.58609284,0.11578629
Feb-2018,Males,NT,Mining,4.64404008,0
Feb-2018,Females,NSW,Mining,1.09223983,0.47905857
Feb-2018,Females,NSW,Mining,3.01209155,0.67049509
Feb-2018,Females,VIC,Mining,0.82225571,0
Feb-2018,Females,VIC,Mining,0.55340205,0.50683797
Feb-2018,Females,QLD,Mining,3.55173761,0.89187182
Feb-2018,Females,QLD,Mining,4.62989215,0.72562368
Feb-2018,Females,SA,Mining,1.16518629,0
Feb-2018,Females,SA,Mining,0,0
Feb-2018,Females,WA,Mining,11.43170758,2.59368786
Feb-2018,Females,WA,Mining,3.32026553,0
Feb-2018,Females,TAS,Mining,0.22530565,0
Feb-2018,Females,NT,Mining,0.72101919,0.06173934
May-2018,Males,NSW,Mining,2.51581662,0
May-2018,Males,NSW,Mining,27.37277791,0.82182039
May-2018,Males,VIC,Mining,5.09692996,0
May-2018,Males,VIC,Mining,5.55603932,0
May-2018,Males,QLD,Mining,9.86062863,0.35861501
May-2018,Males,QLD,Mining,43.34785593,1.19717323
May-2018,Males,SA,Mining,2.96130342,0
May-2018,Males,SA,Mining,1.83474318,0.54681377
May-2018,Males,WA,Mining,56.89756283,0.77872791
May-2018,Males,WA,Mining,27.93218084,0
May-2018,Males,TAS,Mining,0.46060708,0
May-2018,Males,TAS,Mining,2.74556444,0
May-2018,Males,NT,Mining,4.43444789,0.16875699
May-2018,Females,NSW,Mining,1.41392895,0.51847994
May-2018,Females,NSW,Mining,3.95019055,0
May-2018,Females,VIC,Mining,0.46781372,0.40711907
May-2018,Females,VIC,Mining,0.51256465,0
May-2018,Females,QLD,Mining,3.9162158,1.35572727
May-2018,Females,QLD,Mining,3.99518809,1.29094643
May-2018,Females,SA,Mining,1.17519056,0
May-2018,Females,WA,Mining,12.30049408,2.04856701
May-2018,Females,WA,Mining,3.03117454,0.50817409
May-2018,Females,NT,Mining,0.85042028,0
Aug-2018,Males,NSW,Mining,3.27670252,0
Aug-2018,Males,NSW,Mining,35.80060182,0.50619764
Aug-2018,Males,VIC,Mining,4.47464169,0
Aug-2018,Males,VIC,Mining,3.98774812,0.49885554
Aug-2018,Males,QLD,Mining,8.80227297,0
Aug-2018,Males,QLD,Mining,45.1821416,0
Aug-2018,Males,SA,Mining,3.72652693,0
Aug-2018,Males,SA,Mining,2.96093967,0
Aug-2018,Males,WA,Mining,61.83857883,0.91372103
Aug-2018,Males,WA,Mining,26.92836171,0.69883811
Aug-2018,Males,TAS,Mining,0.45228026,0
Aug-2018,Males,TAS,Mining,2.90727478,0
Aug-2018,Males,NT,Mining,2.82502189,0
Aug-2018,Females,NSW,Mining,2.0795776,0
Aug-2018,Females,NSW,Mining,2.67795202,1.05732257
Aug-2018,Females,VIC,Mining,1.04301047,0
Aug-2018,Females,VIC,Mining,0.83624429,0
Aug-2018,Females,QLD,Mining,5.19602332,0.77518398
Aug-2018,Females,QLD,Mining,6.68577978,1.68965308
Aug-2018,Females,SA,Mining,1.53830052,0.50017028
Aug-2018,Females,WA,Mining,11.86181644,1.29110113
Aug-2018,Females,WA,Mining,1.69380672,0.44161846
Aug-2018,Females,TAS,Mining,0.25784952,0.09401521
Aug-2018,Females,NT,Mining,0.57746023,0.06593916
Nov-2018,Males,NSW,Mining,4.82343605,0
Nov-2018,Males,NSW,Mining,29.65730965,0
Nov-2018,Males,VIC,Mining,2.9285135,0
Nov-2018,Males,VIC,Mining,9.05212653,0
Nov-2018,Males,QLD,Mining,9.90853687,0
Nov-2018,Males,QLD,Mining,41.51038238,1.26694601
Nov-2018,Males,SA,Mining,8.24454329,0
Nov-2018,Males,SA,Mining,6.03668834,0
Nov-2018,Males,WA,Mining,64.52535276,1.73930903
Nov-2018,Males,WA,Mining,29.65139907,0
Nov-2018,Males,TAS,Mining,0.3398295,0
Nov-2018,Males,TAS,Mining,2.38352361,0
Nov-2018,Males,NT,Mining,3.3974892,0
Nov-2018,Females,NSW,Mining,1.97927709,0.49097451
Nov-2018,Females,NSW,Mining,2.66790459,1.19776585
Nov-2018,Females,VIC,Mining,1.57784919,0
Nov-2018,Females,VIC,Mining,0.45813437,0
Nov-2018,Females,QLD,Mining,4.2776284,0.35686022
Nov-2018,Females,QLD,Mining,7.73698598,1.42039737
Nov-2018,Females,SA,Mining,1.01514622,0.21833602
Nov-2018,Females,SA,Mining,0.22990673,0
Nov-2018,Females,WA,Mining,9.57113994,2.49614826
Nov-2018,Females,WA,Mining,3.95507163,0
Nov-2018,Females,TAS,Mining,0,0
Nov-2018,Females,TAS,Mining,0.13705087,0.09639448
Nov-2018,Females,NT,Mining,0.9697787,0
Feb-2019,Males,NSW,Mining,2.72217696,0.51233372
Feb-2019,Males,NSW,Mining,24.82264784,0
Feb-2019,Males,VIC,Mining,6.78979114,0.63201919
Feb-2019,Males,VIC,Mining,11.44749158,0
Feb-2019,Males,QLD,Mining,14.09768155,0.45949464
Feb-2019,Males,QLD,Mining,n.p.,n.p.
Feb-2019,Males,SA,Mining,5.85267017,0.52255646
Feb-2019,Males,SA,Mining,5.70854762,0
Feb-2019,Males,WA,Mining,60.91568395,1.84719988
Feb-2019,Males,WA,Mining,25.74559422,0
Feb-2019,Males,TAS,Mining,0.23693638,0
Feb-2019,Males,TAS,Mining,1.45887716,0.09628189
Feb-2019,Males,NT,Mining,2.68748251,0
Feb-2019,Females,NSW,Mining,0.60187901,0
Feb-2019,Females,NSW,Mining,5.24839064,0
Feb-2019,Females,VIC,Mining,2.20375273,0.52585915
Feb-2019,Females,VIC,Mining,0.49985864,0.63660458
Feb-2019,Females,QLD,Mining,3.64389903,0
Feb-2019,Females,QLD,Mining,n.p.,n.p.
Feb-2019,Females,SA,Mining,0.7929685,0.2351467
Feb-2019,Females,SA,Mining,0.23751801,0
Feb-2019,Females,WA,Mining,8.3103358,2.85682438
Feb-2019,Females,WA,Mining,3.13310169,0
Feb-2019,Females,TAS,Mining,0,0
Feb-2019,Females,TAS,Mining,0.1036794,0
Feb-2019,Females,NT,Mining,0.85771825,0
May-2019,Males,NSW,Mining,5.53939713,0
May-2019,Males,NSW,Mining,24.78885976,0.54670292
May-2019,Males,VIC,Mining,3.43428391,0
May-2019,Males,VIC,Mining,9.49442143,0
May-2019,Males,QLD,Mining,13.42563117,0.4105126
May-2019,Males,QLD,Mining,45.34572471,0.4960941
May-2019,Males,SA,Mining,3.06602425,0
May-2019,Males,SA,Mining,4.24659981,0.21947241
May-2019,Males,WA,Mining,59.68174432,2.07780845
May-2019,Males,WA,Mining,24.32495681,0
May-2019,Males,TAS,Mining,0.45430293,0
May-2019,Males,TAS,Mining,1.49418134,0
May-2019,Males,NT,Mining,1.48985798,0
May-2019,Females,NSW,Mining,0.56767759,0.447219
May-2019,Females,NSW,Mining,3.27564608,0.53988197
May-2019,Females,VIC,Mining,1.73622087,0.50209701
May-2019,Females,VIC,Mining,1.11071815,0
May-2019,Females,QLD,Mining,4.73850755,0
May-2019,Females,QLD,Mining,5.57400654,1.05721773
May-2019,Females,SA,Mining,0.21252497,0
May-2019,Females,WA,Mining,12.26759301,2.21167802
May-2019,Females,WA,Mining,4.80295036,0
May-2019,Females,TAS,Mining,0.10099009,0.1036708
May-2019,Females,TAS,Mining,0.22635214,0
May-2019,Females,NT,Mining,0.21988582,0
Aug-2019,Males,NSW,Mining,3.7674877,0
Aug-2019,Males,NSW,Mining,24.48107021,0
Aug-2019,Males,VIC,Mining,1.60106615,0
Aug-2019,Males,VIC,Mining,6.3933188,0
Aug-2019,Males,QLD,Mining,12.06332595,0.51493776
Aug-2019,Males,QLD,Mining,35.34696937,0.90684978
Aug-2019,Males,SA,Mining,3.45045513,0
Aug-2019,Males,SA,Mining,5.52846212,0
Aug-2019,Males,WA,Mining,64.46482067,0.70093219
Aug-2019,Males,WA,Mining,30.66127925,0
Aug-2019,Males,TAS,Mining,0.2636825,0
Aug-2019,Males,TAS,Mining,1.78112027,0.12481452
Aug-2019,Males,NT,Mining,1.55398296,0
Aug-2019,Females,NSW,Mining,1.21480707,0
Aug-2019,Females,NSW,Mining,2.3237778,0.52815334
Aug-2019,Females,VIC,Mining,2.120398,0.47735228
Aug-2019,Females,VIC,Mining,0.52572386,0
Aug-2019,Females,QLD,Mining,3.99749125,1.06579004
Aug-2019,Females,QLD,Mining,5.71664124,1.19787725
Aug-2019,Females,SA,Mining,0.79117502,0
Aug-2019,Females,SA,Mining,0.32228369,0
Aug-2019,Females,WA,Mining,13.62490268,1.93446402
Aug-2019,Females,WA,Mining,4.77836291,0
Aug-2019,Females,TAS,Mining,0.36204711,0
Aug-2019,Females,NT,Mining,0.39120386,0
Nov-2019,Males,NSW,Mining,5.14375564,0.55682078
Nov-2019,Males,NSW,Mining,27.47828539,0
Nov-2019,Males,VIC,Mining,3.32688586,0
Nov-2019,Males,VIC,Mining,6.87153118,0
Nov-2019,Males,QLD,Mining,8.43848086,1.12943651
Nov-2019,Males,QLD,Mining,43.09836291,0.34310123
Nov-2019,Males,SA,Mining,7.63769974,0.22410145
Nov-2019,Males,SA,Mining,4.5678051,0
Nov-2019,Males,WA,Mining,62.21758926,3.20298589
Nov-2019,Males,WA,Mining,30.42966925,0.91811635
Nov-2019,Males,TAS,Mining,0.24702242,0
Nov-2019,Males,TAS,Mining,1.98417031,0
Nov-2019,Males,NT,Mining,2.53754114,0.10093806
Nov-2019,Females,NSW,Mining,1.61163351,0
Nov-2019,Females,NSW,Mining,1.55255041,0
Nov-2019,Females,VIC,Mining,0.45104068,0
Nov-2019,Females,VIC,Mining,0.39381018,0
Nov-2019,Females,QLD,Mining,3.3463787,1.88459745
Nov-2019,Females,QLD,Mining,6.50038323,1.53405105
Nov-2019,Females,SA,Mining,0.72267824,0
Nov-2019,Females,SA,Mining,0.60164097,0
Nov-2019,Females,WA,Mining,14.30047671,1.98721291
Nov-2019,Females,WA,Mining,4.36222202,0.85344799
Nov-2019,Females,TAS,Mining,0.23153662,0.16090916
Nov-2019,Females,NT,Mining,0.30617175,0
Feb-2020,Males,NSW,Mining,4.52574613,0.50939774
Feb-2020,Males,NSW,Mining,27.06082042,0
Feb-2020,Males,VIC,Mining,2.62094495,0
Feb-2020,Males,VIC,Mining,3.58864809,0
Feb-2020,Males,QLD,Mining,10.89012978,0.53907934
Feb-2020,Males,QLD,Mining,41.25032873,0
Feb-2020,Males,SA,Mining,4.99144864,0.26263651
Feb-2020,Males,SA,Mining,4.94229521,0.23597722
Feb-2020,Males,WA,Mining,63.62452495,1.73479892
Feb-2020,Males,WA,Mining,27.20106357,0.33597435
Feb-2020,Males,TAS,Mining,0.21738748,0
Feb-2020,Males,TAS,Mining,1.81180331,0
Feb-2020,Males,NT,Mining,1.92197921,0
Feb-2020,Females,NSW,Mining,1.53981752,0
Feb-2020,Females,NSW,Mining,0.52181475,0
Feb-2020,Females,VIC,Mining,0.49401307,0.51247956
Feb-2020,Females,QLD,Mining,2.92003647,0.87895311
Feb-2020,Females,QLD,Mining,7.36352244,2.48996778
Feb-2020,Females,SA,Mining,0.29535109,0
Feb-2020,Females,SA,Mining,0.29216005,0.20184668
Feb-2020,Females,WA,Mining,15.51262524,0.78978566
Feb-2020,Females,WA,Mining,4.2021882,1.48418985
Feb-2020,Females,TAS,Mining,0.104005,0.09207643
Feb-2020,Females,NT,Mining,0.22795477,0
Feb-2020,Females,NT,Mining,0.17949213,0
